﻿<?xml version="1.0" encoding="utf-8"?>
<VirtualOut Title="InnoTune" Comment="" Address="http://192.168.0.127:80" CmdInit="" CloseAfterSend="true" CmdSep="">
	<VirtualOutCmd Title="PlayerZentral - Play Playlist ID02" Comment="" CmdOnMethod="GET" CmdOffMethod="GET" CmdOn="/phpcontrol/mpdvol.php?playlist_id=2&amp;play=1" CmdOnHTTP="" CmdOnPost="" CmdOff="" CmdOffHTTP="" CmdOffPost="" Analog="false" Repeat="0" RepeatRate="0"/>
	<VirtualOutCmd Title="PlayerZentral - Play Playlist ID01" Comment="" CmdOnMethod="GET" CmdOffMethod="GET" CmdOn="/phpcontrol/mpdvol.php?playlist_id=1&amp;play=1" CmdOnHTTP="" CmdOnPost="" CmdOff="" CmdOffHTTP="" CmdOffPost="" Analog="false" Repeat="0" RepeatRate="0"/>
	<VirtualOutCmd Title="PlayerZentral - Repeat on" Comment="" CmdOnMethod="GET" CmdOffMethod="GET" CmdOn="/phpcontrol/mpdvol.php?repeat=1" CmdOnHTTP="" CmdOnPost="" CmdOff="" CmdOffHTTP="" CmdOffPost="" Analog="false" Repeat="0" RepeatRate="0"/>
	<VirtualOutCmd Title="PlayerZentral - STOP/Repeat off" Comment="" CmdOnMethod="GET" CmdOffMethod="GET" CmdOn="/phpcontrol/mpdvol.php?stop=1" CmdOnHTTP="" CmdOnPost="" CmdOff="" CmdOffHTTP="" CmdOffPost="" Analog="false" Repeat="0.1" RepeatRate="0.1"/>
	<VirtualOutCmd Title="LineIn - von Zone01 auf Zone01" Comment="" CmdOnMethod="GET" CmdOffMethod="GET" CmdOn="/phpcontrol/linein.php?card_in=01&amp;card_out=01" CmdOnHTTP="" CmdOnPost="" CmdOff="" CmdOffHTTP="" CmdOffPost="" Analog="false" Repeat="0" RepeatRate="0"/>
	<VirtualOutCmd Title="LineIn - von Zone01 auf Zone10" Comment="" CmdOnMethod="GET" CmdOffMethod="GET" CmdOn="/phpcontrol/linein.php?card_in=01&amp;card_out=10" CmdOnHTTP="" CmdOnPost="" CmdOff="" CmdOffHTTP="" CmdOffPost="" Analog="false" Repeat="0" RepeatRate="0"/>
	<VirtualOutCmd Title="LineIn - von Zone01 auf Zone03" Comment="" CmdOnMethod="GET" CmdOffMethod="GET" CmdOn="/phpcontrol/linein.php?card_in=01&amp;card_out=03" CmdOnHTTP="" CmdOnPost="" CmdOff="" CmdOffHTTP="" CmdOffPost="" Analog="false" Repeat="0" RepeatRate="0"/>
	<VirtualOutCmd Title="LineIn - von Zone01 auf Zone04" Comment="" CmdOnMethod="GET" CmdOffMethod="GET" CmdOn="/phpcontrol/linein.php?card_in=01&amp;card_out=04" CmdOnHTTP="" CmdOnPost="" CmdOff="" CmdOffHTTP="" CmdOffPost="" Analog="false" Repeat="0" RepeatRate="0"/>
	<VirtualOutCmd Title="LineIn - von Zone01 auf Zone05" Comment="" CmdOnMethod="GET" CmdOffMethod="GET" CmdOn="/phpcontrol/linein.php?card_in=01&amp;card_out=05" CmdOnHTTP="" CmdOnPost="" CmdOff="" CmdOffHTTP="" CmdOffPost="" Analog="false" Repeat="0" RepeatRate="0"/>
	<VirtualOutCmd Title="LineIn - von Zone01 auf Zone06" Comment="" CmdOnMethod="GET" CmdOffMethod="GET" CmdOn="/phpcontrol/linein.php?card_in=01&amp;card_out=06" CmdOnHTTP="" CmdOnPost="" CmdOff="" CmdOffHTTP="" CmdOffPost="" Analog="false" Repeat="0" RepeatRate="0"/>
	<VirtualOutCmd Title="LineIn - von Zone01 auf Zone07" Comment="" CmdOnMethod="GET" CmdOffMethod="GET" CmdOn="/phpcontrol/linein.php?card_in=01&amp;card_out=07" CmdOnHTTP="" CmdOnPost="" CmdOff="" CmdOffHTTP="" CmdOffPost="" Analog="false" Repeat="0" RepeatRate="0"/>
	<VirtualOutCmd Title="LineIn - von Zone01 auf Zone08" Comment="" CmdOnMethod="GET" CmdOffMethod="GET" CmdOn="/phpcontrol/linein.php?card_in=01&amp;card_out=08" CmdOnHTTP="" CmdOnPost="" CmdOff="" CmdOffHTTP="" CmdOffPost="" Analog="false" Repeat="0" RepeatRate="0"/>
	<VirtualOutCmd Title="LineIn - von Zone01 auf Zone09" Comment="" CmdOnMethod="GET" CmdOffMethod="GET" CmdOn="/phpcontrol/linein.php?card_in=01&amp;card_out=09" CmdOnHTTP="" CmdOnPost="" CmdOff="" CmdOffHTTP="" CmdOffPost="" Analog="false" Repeat="0" RepeatRate="0"/>
	<VirtualOutCmd Title="LineIn - von Zone01 auf Zone02" Comment="" CmdOnMethod="GET" CmdOffMethod="GET" CmdOn="/phpcontrol/linein.php?card_in=01&amp;card_out=02" CmdOnHTTP="" CmdOnPost="" CmdOff="" CmdOffHTTP="" CmdOffPost="" Analog="false" Repeat="0" RepeatRate="0"/>
	<VirtualOutCmd Title="LineIn - von Zone02 auf Zone01" Comment="" CmdOnMethod="GET" CmdOffMethod="GET" CmdOn="/phpcontrol/linein.php?card_in=02&amp;card_out=01" CmdOnHTTP="" CmdOnPost="" CmdOff="" CmdOffHTTP="" CmdOffPost="" Analog="false" Repeat="0" RepeatRate="0"/>
	<VirtualOutCmd Title="LineIn - von Zone02 auf Zone10" Comment="" CmdOnMethod="GET" CmdOffMethod="GET" CmdOn="/phpcontrol/linein.php?card_in=02&amp;card_out=10" CmdOnHTTP="" CmdOnPost="" CmdOff="" CmdOffHTTP="" CmdOffPost="" Analog="false" Repeat="0" RepeatRate="0"/>
	<VirtualOutCmd Title="LineIn - von Zone02 auf Zone03" Comment="" CmdOnMethod="GET" CmdOffMethod="GET" CmdOn="/phpcontrol/linein.php?card_in=02&amp;card_out=03" CmdOnHTTP="" CmdOnPost="" CmdOff="" CmdOffHTTP="" CmdOffPost="" Analog="false" Repeat="0" RepeatRate="0"/>
	<VirtualOutCmd Title="LineIn - von Zone02 auf Zone04" Comment="" CmdOnMethod="GET" CmdOffMethod="GET" CmdOn="/phpcontrol/linein.php?card_in=02&amp;card_out=04" CmdOnHTTP="" CmdOnPost="" CmdOff="" CmdOffHTTP="" CmdOffPost="" Analog="false" Repeat="0" RepeatRate="0"/>
	<VirtualOutCmd Title="LineIn - von Zone02 auf Zone05" Comment="" CmdOnMethod="GET" CmdOffMethod="GET" CmdOn="/phpcontrol/linein.php?card_in=02&amp;card_out=05" CmdOnHTTP="" CmdOnPost="" CmdOff="" CmdOffHTTP="" CmdOffPost="" Analog="false" Repeat="0" RepeatRate="0"/>
	<VirtualOutCmd Title="LineIn - von Zone02 auf Zone06" Comment="" CmdOnMethod="GET" CmdOffMethod="GET" CmdOn="/phpcontrol/linein.php?card_in=02&amp;card_out=06" CmdOnHTTP="" CmdOnPost="" CmdOff="" CmdOffHTTP="" CmdOffPost="" Analog="false" Repeat="0" RepeatRate="0"/>
	<VirtualOutCmd Title="LineIn - von Zone02 auf Zone07" Comment="" CmdOnMethod="GET" CmdOffMethod="GET" CmdOn="/phpcontrol/linein.php?card_in=02&amp;card_out=07" CmdOnHTTP="" CmdOnPost="" CmdOff="" CmdOffHTTP="" CmdOffPost="" Analog="false" Repeat="0" RepeatRate="0"/>
	<VirtualOutCmd Title="LineIn - von Zone02 auf Zone08" Comment="" CmdOnMethod="GET" CmdOffMethod="GET" CmdOn="/phpcontrol/linein.php?card_in=02&amp;card_out=08" CmdOnHTTP="" CmdOnPost="" CmdOff="" CmdOffHTTP="" CmdOffPost="" Analog="false" Repeat="0" RepeatRate="0"/>
	<VirtualOutCmd Title="LineIn - von Zone02 auf Zone09" Comment="" CmdOnMethod="GET" CmdOffMethod="GET" CmdOn="/phpcontrol/linein.php?card_in=02&amp;card_out=09" CmdOnHTTP="" CmdOnPost="" CmdOff="" CmdOffHTTP="" CmdOffPost="" Analog="false" Repeat="0" RepeatRate="0"/>
	<VirtualOutCmd Title="LineIn - von Zone02 auf Zone02" Comment="" CmdOnMethod="GET" CmdOffMethod="GET" CmdOn="/phpcontrol/linein.php?card_in=02&amp;card_out=02" CmdOnHTTP="" CmdOnPost="" CmdOff="" CmdOffHTTP="" CmdOffPost="" Analog="false" Repeat="0" RepeatRate="0"/>
	<VirtualOutCmd Title="LineIn - von Zone03 auf Zone01" Comment="" CmdOnMethod="GET" CmdOffMethod="GET" CmdOn="/phpcontrol/linein.php?card_in=03&amp;card_out=01" CmdOnHTTP="" CmdOnPost="" CmdOff="" CmdOffHTTP="" CmdOffPost="" Analog="false" Repeat="0" RepeatRate="0"/>
	<VirtualOutCmd Title="LineIn - von Zone03 auf Zone10" Comment="" CmdOnMethod="GET" CmdOffMethod="GET" CmdOn="/phpcontrol/linein.php?card_in=03&amp;card_out=10" CmdOnHTTP="" CmdOnPost="" CmdOff="" CmdOffHTTP="" CmdOffPost="" Analog="false" Repeat="0" RepeatRate="0"/>
	<VirtualOutCmd Title="LineIn - von Zone03 auf Zone03" Comment="" CmdOnMethod="GET" CmdOffMethod="GET" CmdOn="/phpcontrol/linein.php?card_in=03&amp;card_out=03" CmdOnHTTP="" CmdOnPost="" CmdOff="" CmdOffHTTP="" CmdOffPost="" Analog="false" Repeat="0" RepeatRate="0"/>
	<VirtualOutCmd Title="LineIn - von Zone03 auf Zone04" Comment="" CmdOnMethod="GET" CmdOffMethod="GET" CmdOn="/phpcontrol/linein.php?card_in=03&amp;card_out=04" CmdOnHTTP="" CmdOnPost="" CmdOff="" CmdOffHTTP="" CmdOffPost="" Analog="false" Repeat="0" RepeatRate="0"/>
	<VirtualOutCmd Title="LineIn - von Zone03 auf Zone05" Comment="" CmdOnMethod="GET" CmdOffMethod="GET" CmdOn="/phpcontrol/linein.php?card_in=03&amp;card_out=05" CmdOnHTTP="" CmdOnPost="" CmdOff="" CmdOffHTTP="" CmdOffPost="" Analog="false" Repeat="0" RepeatRate="0"/>
	<VirtualOutCmd Title="LineIn - von Zone03 auf Zone06" Comment="" CmdOnMethod="GET" CmdOffMethod="GET" CmdOn="/phpcontrol/linein.php?card_in=03&amp;card_out=06" CmdOnHTTP="" CmdOnPost="" CmdOff="" CmdOffHTTP="" CmdOffPost="" Analog="false" Repeat="0" RepeatRate="0"/>
	<VirtualOutCmd Title="LineIn - von Zone03 auf Zone07" Comment="" CmdOnMethod="GET" CmdOffMethod="GET" CmdOn="/phpcontrol/linein.php?card_in=03&amp;card_out=07" CmdOnHTTP="" CmdOnPost="" CmdOff="" CmdOffHTTP="" CmdOffPost="" Analog="false" Repeat="0" RepeatRate="0"/>
	<VirtualOutCmd Title="LineIn - von Zone03 auf Zone08" Comment="" CmdOnMethod="GET" CmdOffMethod="GET" CmdOn="/phpcontrol/linein.php?card_in=03&amp;card_out=08" CmdOnHTTP="" CmdOnPost="" CmdOff="" CmdOffHTTP="" CmdOffPost="" Analog="false" Repeat="0" RepeatRate="0"/>
	<VirtualOutCmd Title="LineIn - von Zone03 auf Zone09" Comment="" CmdOnMethod="GET" CmdOffMethod="GET" CmdOn="/phpcontrol/linein.php?card_in=03&amp;card_out=09" CmdOnHTTP="" CmdOnPost="" CmdOff="" CmdOffHTTP="" CmdOffPost="" Analog="false" Repeat="0" RepeatRate="0"/>
	<VirtualOutCmd Title="LineIn - von Zone03 auf Zone02" Comment="" CmdOnMethod="GET" CmdOffMethod="GET" CmdOn="/phpcontrol/linein.php?card_in=03&amp;card_out=02" CmdOnHTTP="" CmdOnPost="" CmdOff="" CmdOffHTTP="" CmdOffPost="" Analog="false" Repeat="0" RepeatRate="0"/>
	<VirtualOutCmd Title="LineIn - von Zone04 auf Zone01" Comment="" CmdOnMethod="GET" CmdOffMethod="GET" CmdOn="/phpcontrol/linein.php?card_in=04&amp;card_out=01" CmdOnHTTP="" CmdOnPost="" CmdOff="" CmdOffHTTP="" CmdOffPost="" Analog="false" Repeat="0" RepeatRate="0"/>
	<VirtualOutCmd Title="LineIn - von Zone04 auf Zone10" Comment="" CmdOnMethod="GET" CmdOffMethod="GET" CmdOn="/phpcontrol/linein.php?card_in=04&amp;card_out=10" CmdOnHTTP="" CmdOnPost="" CmdOff="" CmdOffHTTP="" CmdOffPost="" Analog="false" Repeat="0" RepeatRate="0"/>
	<VirtualOutCmd Title="LineIn - von Zone04 auf Zone03" Comment="" CmdOnMethod="GET" CmdOffMethod="GET" CmdOn="/phpcontrol/linein.php?card_in=04&amp;card_out=03" CmdOnHTTP="" CmdOnPost="" CmdOff="" CmdOffHTTP="" CmdOffPost="" Analog="false" Repeat="0" RepeatRate="0"/>
	<VirtualOutCmd Title="LineIn - von Zone04 auf Zone04" Comment="" CmdOnMethod="GET" CmdOffMethod="GET" CmdOn="/phpcontrol/linein.php?card_in=04&amp;card_out=04" CmdOnHTTP="" CmdOnPost="" CmdOff="" CmdOffHTTP="" CmdOffPost="" Analog="false" Repeat="0" RepeatRate="0"/>
	<VirtualOutCmd Title="LineIn - von Zone04 auf Zone05" Comment="" CmdOnMethod="GET" CmdOffMethod="GET" CmdOn="/phpcontrol/linein.php?card_in=04&amp;card_out=05" CmdOnHTTP="" CmdOnPost="" CmdOff="" CmdOffHTTP="" CmdOffPost="" Analog="false" Repeat="0" RepeatRate="0"/>
	<VirtualOutCmd Title="LineIn - von Zone04 auf Zone06" Comment="" CmdOnMethod="GET" CmdOffMethod="GET" CmdOn="/phpcontrol/linein.php?card_in=04&amp;card_out=06" CmdOnHTTP="" CmdOnPost="" CmdOff="" CmdOffHTTP="" CmdOffPost="" Analog="false" Repeat="0" RepeatRate="0"/>
	<VirtualOutCmd Title="LineIn - von Zone04 auf Zone07" Comment="" CmdOnMethod="GET" CmdOffMethod="GET" CmdOn="/phpcontrol/linein.php?card_in=04&amp;card_out=07" CmdOnHTTP="" CmdOnPost="" CmdOff="" CmdOffHTTP="" CmdOffPost="" Analog="false" Repeat="0" RepeatRate="0"/>
	<VirtualOutCmd Title="LineIn - von Zone04 auf Zone08" Comment="" CmdOnMethod="GET" CmdOffMethod="GET" CmdOn="/phpcontrol/linein.php?card_in=04&amp;card_out=08" CmdOnHTTP="" CmdOnPost="" CmdOff="" CmdOffHTTP="" CmdOffPost="" Analog="false" Repeat="0" RepeatRate="0"/>
	<VirtualOutCmd Title="LineIn - von Zone04 auf Zone09" Comment="" CmdOnMethod="GET" CmdOffMethod="GET" CmdOn="/phpcontrol/linein.php?card_in=04&amp;card_out=09" CmdOnHTTP="" CmdOnPost="" CmdOff="" CmdOffHTTP="" CmdOffPost="" Analog="false" Repeat="0" RepeatRate="0"/>
	<VirtualOutCmd Title="LineIn - von Zone04 auf Zone02" Comment="" CmdOnMethod="GET" CmdOffMethod="GET" CmdOn="/phpcontrol/linein.php?card_in=04&amp;card_out=02" CmdOnHTTP="" CmdOnPost="" CmdOff="" CmdOffHTTP="" CmdOffPost="" Analog="false" Repeat="0" RepeatRate="0"/>
	<VirtualOutCmd Title="LineIn - von Zone05 auf Zone01" Comment="" CmdOnMethod="GET" CmdOffMethod="GET" CmdOn="/phpcontrol/linein.php?card_in=05&amp;card_out=01" CmdOnHTTP="" CmdOnPost="" CmdOff="" CmdOffHTTP="" CmdOffPost="" Analog="false" Repeat="0" RepeatRate="0"/>
	<VirtualOutCmd Title="LineIn - von Zone05 auf Zone10" Comment="" CmdOnMethod="GET" CmdOffMethod="GET" CmdOn="/phpcontrol/linein.php?card_in=05&amp;card_out=10" CmdOnHTTP="" CmdOnPost="" CmdOff="" CmdOffHTTP="" CmdOffPost="" Analog="false" Repeat="0" RepeatRate="0"/>
	<VirtualOutCmd Title="LineIn - von Zone05 auf Zone03" Comment="" CmdOnMethod="GET" CmdOffMethod="GET" CmdOn="/phpcontrol/linein.php?card_in=05&amp;card_out=03" CmdOnHTTP="" CmdOnPost="" CmdOff="" CmdOffHTTP="" CmdOffPost="" Analog="false" Repeat="0" RepeatRate="0"/>
	<VirtualOutCmd Title="LineIn - von Zone05 auf Zone04" Comment="" CmdOnMethod="GET" CmdOffMethod="GET" CmdOn="/phpcontrol/linein.php?card_in=05&amp;card_out=04" CmdOnHTTP="" CmdOnPost="" CmdOff="" CmdOffHTTP="" CmdOffPost="" Analog="false" Repeat="0" RepeatRate="0"/>
	<VirtualOutCmd Title="LineIn - von Zone05 auf Zone05" Comment="" CmdOnMethod="GET" CmdOffMethod="GET" CmdOn="/phpcontrol/linein.php?card_in=05&amp;card_out=05" CmdOnHTTP="" CmdOnPost="" CmdOff="" CmdOffHTTP="" CmdOffPost="" Analog="false" Repeat="0" RepeatRate="0"/>
	<VirtualOutCmd Title="LineIn - von Zone05 auf Zone06" Comment="" CmdOnMethod="GET" CmdOffMethod="GET" CmdOn="/phpcontrol/linein.php?card_in=05&amp;card_out=06" CmdOnHTTP="" CmdOnPost="" CmdOff="" CmdOffHTTP="" CmdOffPost="" Analog="false" Repeat="0" RepeatRate="0"/>
	<VirtualOutCmd Title="LineIn - von Zone05 auf Zone07" Comment="" CmdOnMethod="GET" CmdOffMethod="GET" CmdOn="/phpcontrol/linein.php?card_in=05&amp;card_out=07" CmdOnHTTP="" CmdOnPost="" CmdOff="" CmdOffHTTP="" CmdOffPost="" Analog="false" Repeat="0" RepeatRate="0"/>
	<VirtualOutCmd Title="LineIn - von Zone05 auf Zone08" Comment="" CmdOnMethod="GET" CmdOffMethod="GET" CmdOn="/phpcontrol/linein.php?card_in=05&amp;card_out=08" CmdOnHTTP="" CmdOnPost="" CmdOff="" CmdOffHTTP="" CmdOffPost="" Analog="false" Repeat="0" RepeatRate="0"/>
	<VirtualOutCmd Title="LineIn - von Zone05 auf Zone09" Comment="" CmdOnMethod="GET" CmdOffMethod="GET" CmdOn="/phpcontrol/linein.php?card_in=05&amp;card_out=09" CmdOnHTTP="" CmdOnPost="" CmdOff="" CmdOffHTTP="" CmdOffPost="" Analog="false" Repeat="0" RepeatRate="0"/>
	<VirtualOutCmd Title="LineIn - von Zone05 auf Zone02" Comment="" CmdOnMethod="GET" CmdOffMethod="GET" CmdOn="/phpcontrol/linein.php?card_in=05&amp;card_out=02" CmdOnHTTP="" CmdOnPost="" CmdOff="" CmdOffHTTP="" CmdOffPost="" Analog="false" Repeat="0" RepeatRate="0"/>
	<VirtualOutCmd Title="LineIn - von Zone06 auf Zone01" Comment="" CmdOnMethod="GET" CmdOffMethod="GET" CmdOn="/phpcontrol/linein.php?card_in=06&amp;card_out=01" CmdOnHTTP="" CmdOnPost="" CmdOff="" CmdOffHTTP="" CmdOffPost="" Analog="false" Repeat="0" RepeatRate="0"/>
	<VirtualOutCmd Title="LineIn - von Zone06 auf Zone10" Comment="" CmdOnMethod="GET" CmdOffMethod="GET" CmdOn="/phpcontrol/linein.php?card_in=06&amp;card_out=10" CmdOnHTTP="" CmdOnPost="" CmdOff="" CmdOffHTTP="" CmdOffPost="" Analog="false" Repeat="0" RepeatRate="0"/>
	<VirtualOutCmd Title="LineIn - von Zone06 auf Zone03" Comment="" CmdOnMethod="GET" CmdOffMethod="GET" CmdOn="/phpcontrol/linein.php?card_in=06&amp;card_out=03" CmdOnHTTP="" CmdOnPost="" CmdOff="" CmdOffHTTP="" CmdOffPost="" Analog="false" Repeat="0" RepeatRate="0"/>
	<VirtualOutCmd Title="LineIn - von Zone06 auf Zone04" Comment="" CmdOnMethod="GET" CmdOffMethod="GET" CmdOn="/phpcontrol/linein.php?card_in=06&amp;card_out=04" CmdOnHTTP="" CmdOnPost="" CmdOff="" CmdOffHTTP="" CmdOffPost="" Analog="false" Repeat="0" RepeatRate="0"/>
	<VirtualOutCmd Title="LineIn - von Zone06 auf Zone05" Comment="" CmdOnMethod="GET" CmdOffMethod="GET" CmdOn="/phpcontrol/linein.php?card_in=06&amp;card_out=05" CmdOnHTTP="" CmdOnPost="" CmdOff="" CmdOffHTTP="" CmdOffPost="" Analog="false" Repeat="0" RepeatRate="0"/>
	<VirtualOutCmd Title="LineIn - von Zone06 auf Zone06" Comment="" CmdOnMethod="GET" CmdOffMethod="GET" CmdOn="/phpcontrol/linein.php?card_in=06&amp;card_out=06" CmdOnHTTP="" CmdOnPost="" CmdOff="" CmdOffHTTP="" CmdOffPost="" Analog="false" Repeat="0" RepeatRate="0"/>
	<VirtualOutCmd Title="LineIn - von Zone06 auf Zone07" Comment="" CmdOnMethod="GET" CmdOffMethod="GET" CmdOn="/phpcontrol/linein.php?card_in=06&amp;card_out=07" CmdOnHTTP="" CmdOnPost="" CmdOff="" CmdOffHTTP="" CmdOffPost="" Analog="false" Repeat="0" RepeatRate="0"/>
	<VirtualOutCmd Title="LineIn - von Zone06 auf Zone08" Comment="" CmdOnMethod="GET" CmdOffMethod="GET" CmdOn="/phpcontrol/linein.php?card_in=06&amp;card_out=08" CmdOnHTTP="" CmdOnPost="" CmdOff="" CmdOffHTTP="" CmdOffPost="" Analog="false" Repeat="0" RepeatRate="0"/>
	<VirtualOutCmd Title="LineIn - von Zone06 auf Zone09" Comment="" CmdOnMethod="GET" CmdOffMethod="GET" CmdOn="/phpcontrol/linein.php?card_in=06&amp;card_out=09" CmdOnHTTP="" CmdOnPost="" CmdOff="" CmdOffHTTP="" CmdOffPost="" Analog="false" Repeat="0" RepeatRate="0"/>
	<VirtualOutCmd Title="LineIn - von Zone06 auf Zone02" Comment="" CmdOnMethod="GET" CmdOffMethod="GET" CmdOn="/phpcontrol/linein.php?card_in=06&amp;card_out=02" CmdOnHTTP="" CmdOnPost="" CmdOff="" CmdOffHTTP="" CmdOffPost="" Analog="false" Repeat="0" RepeatRate="0"/>
	<VirtualOutCmd Title="LineIn - von Zone07 auf Zone01" Comment="" CmdOnMethod="GET" CmdOffMethod="GET" CmdOn="/phpcontrol/linein.php?card_in=07&amp;card_out=01" CmdOnHTTP="" CmdOnPost="" CmdOff="" CmdOffHTTP="" CmdOffPost="" Analog="false" Repeat="0" RepeatRate="0"/>
	<VirtualOutCmd Title="LineIn - von Zone07 auf Zone10" Comment="" CmdOnMethod="GET" CmdOffMethod="GET" CmdOn="/phpcontrol/linein.php?card_in=07&amp;card_out=10" CmdOnHTTP="" CmdOnPost="" CmdOff="" CmdOffHTTP="" CmdOffPost="" Analog="false" Repeat="0" RepeatRate="0"/>
	<VirtualOutCmd Title="LineIn - von Zone07 auf Zone03" Comment="" CmdOnMethod="GET" CmdOffMethod="GET" CmdOn="/phpcontrol/linein.php?card_in=07&amp;card_out=03" CmdOnHTTP="" CmdOnPost="" CmdOff="" CmdOffHTTP="" CmdOffPost="" Analog="false" Repeat="0" RepeatRate="0"/>
	<VirtualOutCmd Title="LineIn - von Zone07 auf Zone04" Comment="" CmdOnMethod="GET" CmdOffMethod="GET" CmdOn="/phpcontrol/linein.php?card_in=07&amp;card_out=04" CmdOnHTTP="" CmdOnPost="" CmdOff="" CmdOffHTTP="" CmdOffPost="" Analog="false" Repeat="0" RepeatRate="0"/>
	<VirtualOutCmd Title="LineIn - von Zone07 auf Zone05" Comment="" CmdOnMethod="GET" CmdOffMethod="GET" CmdOn="/phpcontrol/linein.php?card_in=07&amp;card_out=05" CmdOnHTTP="" CmdOnPost="" CmdOff="" CmdOffHTTP="" CmdOffPost="" Analog="false" Repeat="0" RepeatRate="0"/>
	<VirtualOutCmd Title="LineIn - von Zone07 auf Zone06" Comment="" CmdOnMethod="GET" CmdOffMethod="GET" CmdOn="/phpcontrol/linein.php?card_in=07&amp;card_out=06" CmdOnHTTP="" CmdOnPost="" CmdOff="" CmdOffHTTP="" CmdOffPost="" Analog="false" Repeat="0" RepeatRate="0"/>
	<VirtualOutCmd Title="LineIn - von Zone07 auf Zone07" Comment="" CmdOnMethod="GET" CmdOffMethod="GET" CmdOn="/phpcontrol/linein.php?card_in=07&amp;card_out=07" CmdOnHTTP="" CmdOnPost="" CmdOff="" CmdOffHTTP="" CmdOffPost="" Analog="false" Repeat="0" RepeatRate="0"/>
	<VirtualOutCmd Title="LineIn - von Zone07 auf Zone08" Comment="" CmdOnMethod="GET" CmdOffMethod="GET" CmdOn="/phpcontrol/linein.php?card_in=07&amp;card_out=08" CmdOnHTTP="" CmdOnPost="" CmdOff="" CmdOffHTTP="" CmdOffPost="" Analog="false" Repeat="0" RepeatRate="0"/>
	<VirtualOutCmd Title="LineIn - von Zone07 auf Zone09" Comment="" CmdOnMethod="GET" CmdOffMethod="GET" CmdOn="/phpcontrol/linein.php?card_in=07&amp;card_out=09" CmdOnHTTP="" CmdOnPost="" CmdOff="" CmdOffHTTP="" CmdOffPost="" Analog="false" Repeat="0" RepeatRate="0"/>
	<VirtualOutCmd Title="LineIn - von Zone07 auf Zone02" Comment="" CmdOnMethod="GET" CmdOffMethod="GET" CmdOn="/phpcontrol/linein.php?card_in=07&amp;card_out=02" CmdOnHTTP="" CmdOnPost="" CmdOff="" CmdOffHTTP="" CmdOffPost="" Analog="false" Repeat="0" RepeatRate="0"/>
	<VirtualOutCmd Title="LineIn - von Zone08 auf Zone01" Comment="" CmdOnMethod="GET" CmdOffMethod="GET" CmdOn="/phpcontrol/linein.php?card_in=08&amp;card_out=01" CmdOnHTTP="" CmdOnPost="" CmdOff="" CmdOffHTTP="" CmdOffPost="" Analog="false" Repeat="0" RepeatRate="0"/>
	<VirtualOutCmd Title="LineIn - von Zone08 auf Zone10" Comment="" CmdOnMethod="GET" CmdOffMethod="GET" CmdOn="/phpcontrol/linein.php?card_in=08&amp;card_out=10" CmdOnHTTP="" CmdOnPost="" CmdOff="" CmdOffHTTP="" CmdOffPost="" Analog="false" Repeat="0" RepeatRate="0"/>
	<VirtualOutCmd Title="LineIn - von Zone08 auf Zone03" Comment="" CmdOnMethod="GET" CmdOffMethod="GET" CmdOn="/phpcontrol/linein.php?card_in=08&amp;card_out=03" CmdOnHTTP="" CmdOnPost="" CmdOff="" CmdOffHTTP="" CmdOffPost="" Analog="false" Repeat="0" RepeatRate="0"/>
	<VirtualOutCmd Title="LineIn - von Zone08 auf Zone04" Comment="" CmdOnMethod="GET" CmdOffMethod="GET" CmdOn="/phpcontrol/linein.php?card_in=08&amp;card_out=04" CmdOnHTTP="" CmdOnPost="" CmdOff="" CmdOffHTTP="" CmdOffPost="" Analog="false" Repeat="0" RepeatRate="0"/>
	<VirtualOutCmd Title="LineIn - von Zone08 auf Zone05" Comment="" CmdOnMethod="GET" CmdOffMethod="GET" CmdOn="/phpcontrol/linein.php?card_in=08&amp;card_out=05" CmdOnHTTP="" CmdOnPost="" CmdOff="" CmdOffHTTP="" CmdOffPost="" Analog="false" Repeat="0" RepeatRate="0"/>
	<VirtualOutCmd Title="LineIn - von Zone08 auf Zone06" Comment="" CmdOnMethod="GET" CmdOffMethod="GET" CmdOn="/phpcontrol/linein.php?card_in=08&amp;card_out=06" CmdOnHTTP="" CmdOnPost="" CmdOff="" CmdOffHTTP="" CmdOffPost="" Analog="false" Repeat="0" RepeatRate="0"/>
	<VirtualOutCmd Title="LineIn - von Zone08 auf Zone07" Comment="" CmdOnMethod="GET" CmdOffMethod="GET" CmdOn="/phpcontrol/linein.php?card_in=08&amp;card_out=07" CmdOnHTTP="" CmdOnPost="" CmdOff="" CmdOffHTTP="" CmdOffPost="" Analog="false" Repeat="0" RepeatRate="0"/>
	<VirtualOutCmd Title="LineIn - von Zone08 auf Zone08" Comment="" CmdOnMethod="GET" CmdOffMethod="GET" CmdOn="/phpcontrol/linein.php?card_in=08&amp;card_out=08" CmdOnHTTP="" CmdOnPost="" CmdOff="" CmdOffHTTP="" CmdOffPost="" Analog="false" Repeat="0" RepeatRate="0"/>
	<VirtualOutCmd Title="LineIn - von Zone08 auf Zone09" Comment="" CmdOnMethod="GET" CmdOffMethod="GET" CmdOn="/phpcontrol/linein.php?card_in=08&amp;card_out=09" CmdOnHTTP="" CmdOnPost="" CmdOff="" CmdOffHTTP="" CmdOffPost="" Analog="false" Repeat="0" RepeatRate="0"/>
	<VirtualOutCmd Title="LineIn - von Zone08 auf Zone02" Comment="" CmdOnMethod="GET" CmdOffMethod="GET" CmdOn="/phpcontrol/linein.php?card_in=08&amp;card_out=02" CmdOnHTTP="" CmdOnPost="" CmdOff="" CmdOffHTTP="" CmdOffPost="" Analog="false" Repeat="0" RepeatRate="0"/>
	<VirtualOutCmd Title="LineIn - von Zone09 auf Zone01" Comment="" CmdOnMethod="GET" CmdOffMethod="GET" CmdOn="/phpcontrol/linein.php?card_in=09&amp;card_out=01" CmdOnHTTP="" CmdOnPost="" CmdOff="" CmdOffHTTP="" CmdOffPost="" Analog="false" Repeat="0" RepeatRate="0"/>
	<VirtualOutCmd Title="LineIn - von Zone09 auf Zone10" Comment="" CmdOnMethod="GET" CmdOffMethod="GET" CmdOn="/phpcontrol/linein.php?card_in=09&amp;card_out=10" CmdOnHTTP="" CmdOnPost="" CmdOff="" CmdOffHTTP="" CmdOffPost="" Analog="false" Repeat="0" RepeatRate="0"/>
	<VirtualOutCmd Title="LineIn - von Zone09 auf Zone03" Comment="" CmdOnMethod="GET" CmdOffMethod="GET" CmdOn="/phpcontrol/linein.php?card_in=09&amp;card_out=03" CmdOnHTTP="" CmdOnPost="" CmdOff="" CmdOffHTTP="" CmdOffPost="" Analog="false" Repeat="0" RepeatRate="0"/>
	<VirtualOutCmd Title="LineIn - von Zone09 auf Zone04" Comment="" CmdOnMethod="GET" CmdOffMethod="GET" CmdOn="/phpcontrol/linein.php?card_in=09&amp;card_out=04" CmdOnHTTP="" CmdOnPost="" CmdOff="" CmdOffHTTP="" CmdOffPost="" Analog="false" Repeat="0" RepeatRate="0"/>
	<VirtualOutCmd Title="LineIn - von Zone09 auf Zone05" Comment="" CmdOnMethod="GET" CmdOffMethod="GET" CmdOn="/phpcontrol/linein.php?card_in=09&amp;card_out=05" CmdOnHTTP="" CmdOnPost="" CmdOff="" CmdOffHTTP="" CmdOffPost="" Analog="false" Repeat="0" RepeatRate="0"/>
	<VirtualOutCmd Title="LineIn - von Zone09 auf Zone06" Comment="" CmdOnMethod="GET" CmdOffMethod="GET" CmdOn="/phpcontrol/linein.php?card_in=09&amp;card_out=06" CmdOnHTTP="" CmdOnPost="" CmdOff="" CmdOffHTTP="" CmdOffPost="" Analog="false" Repeat="0" RepeatRate="0"/>
	<VirtualOutCmd Title="LineIn - von Zone09 auf Zone07" Comment="" CmdOnMethod="GET" CmdOffMethod="GET" CmdOn="/phpcontrol/linein.php?card_in=09&amp;card_out=07" CmdOnHTTP="" CmdOnPost="" CmdOff="" CmdOffHTTP="" CmdOffPost="" Analog="false" Repeat="0" RepeatRate="0"/>
	<VirtualOutCmd Title="LineIn - von Zone09 auf Zone08" Comment="" CmdOnMethod="GET" CmdOffMethod="GET" CmdOn="/phpcontrol/linein.php?card_in=09&amp;card_out=08" CmdOnHTTP="" CmdOnPost="" CmdOff="" CmdOffHTTP="" CmdOffPost="" Analog="false" Repeat="0" RepeatRate="0"/>
	<VirtualOutCmd Title="LineIn - von Zone09 auf Zone09" Comment="" CmdOnMethod="GET" CmdOffMethod="GET" CmdOn="/phpcontrol/linein.php?card_in=09&amp;card_out=09" CmdOnHTTP="" CmdOnPost="" CmdOff="" CmdOffHTTP="" CmdOffPost="" Analog="false" Repeat="0" RepeatRate="0"/>
	<VirtualOutCmd Title="LineIn - von Zone09 auf Zone02" Comment="" CmdOnMethod="GET" CmdOffMethod="GET" CmdOn="/phpcontrol/linein.php?card_in=09&amp;card_out=02" CmdOnHTTP="" CmdOnPost="" CmdOff="" CmdOffHTTP="" CmdOffPost="" Analog="false" Repeat="0" RepeatRate="0"/>
	<VirtualOutCmd Title="LineIn - von Zone10 auf Zone01" Comment="" CmdOnMethod="GET" CmdOffMethod="GET" CmdOn="/phpcontrol/linein.php?card_in=10&amp;card_out=01" CmdOnHTTP="" CmdOnPost="" CmdOff="" CmdOffHTTP="" CmdOffPost="" Analog="false" Repeat="0" RepeatRate="0"/>
	<VirtualOutCmd Title="LineIn - von Zone10 auf Zone10" Comment="" CmdOnMethod="GET" CmdOffMethod="GET" CmdOn="/phpcontrol/linein.php?card_in=10&amp;card_out=10" CmdOnHTTP="" CmdOnPost="" CmdOff="" CmdOffHTTP="" CmdOffPost="" Analog="false" Repeat="0" RepeatRate="0"/>
	<VirtualOutCmd Title="LineIn - von Zone10 auf Zone03" Comment="" CmdOnMethod="GET" CmdOffMethod="GET" CmdOn="/phpcontrol/linein.php?card_in=10&amp;card_out=03" CmdOnHTTP="" CmdOnPost="" CmdOff="" CmdOffHTTP="" CmdOffPost="" Analog="false" Repeat="0" RepeatRate="0"/>
	<VirtualOutCmd Title="LineIn - von Zone10 auf Zone04" Comment="" CmdOnMethod="GET" CmdOffMethod="GET" CmdOn="/phpcontrol/linein.php?card_in=10&amp;card_out=04" CmdOnHTTP="" CmdOnPost="" CmdOff="" CmdOffHTTP="" CmdOffPost="" Analog="false" Repeat="0" RepeatRate="0"/>
	<VirtualOutCmd Title="LineIn - von Zone10 auf Zone05" Comment="" CmdOnMethod="GET" CmdOffMethod="GET" CmdOn="/phpcontrol/linein.php?card_in=10&amp;card_out=05" CmdOnHTTP="" CmdOnPost="" CmdOff="" CmdOffHTTP="" CmdOffPost="" Analog="false" Repeat="0" RepeatRate="0"/>
	<VirtualOutCmd Title="LineIn - von Zone10 auf Zone06" Comment="" CmdOnMethod="GET" CmdOffMethod="GET" CmdOn="/phpcontrol/linein.php?card_in=10&amp;card_out=06" CmdOnHTTP="" CmdOnPost="" CmdOff="" CmdOffHTTP="" CmdOffPost="" Analog="false" Repeat="0" RepeatRate="0"/>
	<VirtualOutCmd Title="LineIn - von Zone10 auf Zone07" Comment="" CmdOnMethod="GET" CmdOffMethod="GET" CmdOn="/phpcontrol/linein.php?card_in=10&amp;card_out=07" CmdOnHTTP="" CmdOnPost="" CmdOff="" CmdOffHTTP="" CmdOffPost="" Analog="false" Repeat="0" RepeatRate="0"/>
	<VirtualOutCmd Title="LineIn - von Zone10 auf Zone08" Comment="" CmdOnMethod="GET" CmdOffMethod="GET" CmdOn="/phpcontrol/linein.php?card_in=10&amp;card_out=08" CmdOnHTTP="" CmdOnPost="" CmdOff="" CmdOffHTTP="" CmdOffPost="" Analog="false" Repeat="0" RepeatRate="0"/>
	<VirtualOutCmd Title="LineIn - von Zone10 auf Zone09" Comment="" CmdOnMethod="GET" CmdOffMethod="GET" CmdOn="/phpcontrol/linein.php?card_in=10&amp;card_out=09" CmdOnHTTP="" CmdOnPost="" CmdOff="" CmdOffHTTP="" CmdOffPost="" Analog="false" Repeat="0" RepeatRate="0"/>
	<VirtualOutCmd Title="LineIn - von Zone10 auf Zone02" Comment="" CmdOnMethod="GET" CmdOffMethod="GET" CmdOn="/phpcontrol/linein.php?card_in=10&amp;card_out=02" CmdOnHTTP="" CmdOnPost="" CmdOff="" CmdOffHTTP="" CmdOffPost="" Analog="false" Repeat="0" RepeatRate="0"/>
	<VirtualOutCmd Title="PlayerZentral - Vol Playlist ID01 Zone01" Comment="" CmdOnMethod="GET" CmdOffMethod="GET" CmdOn="/phpcontrol/mpdvol.php?playlist_id=1&amp;vol_play01=&lt;v&gt;" CmdOnHTTP="" CmdOnPost="" CmdOff="" CmdOffHTTP="" CmdOffPost="" Analog="true" Repeat="0" RepeatRate="0"/>
	<VirtualOutCmd Title="PlayerZentral - Vol Playlist ID01 Zone02" Comment="" CmdOnMethod="GET" CmdOffMethod="GET" CmdOn="/phpcontrol/mpdvol.php?playlist_id=2&amp;vol_play01=&lt;v&gt;" CmdOnHTTP="" CmdOnPost="" CmdOff="" CmdOffHTTP="" CmdOffPost="" Analog="true" Repeat="0" RepeatRate="0"/>
	<VirtualOutCmd Title="PlayerZentral - Vol Playlist ID01 Zone03" Comment="" CmdOnMethod="GET" CmdOffMethod="GET" CmdOn="/phpcontrol/mpdvol.php?playlist_id=3&amp;vol_play01=&lt;v&gt;" CmdOnHTTP="" CmdOnPost="" CmdOff="" CmdOffHTTP="" CmdOffPost="" Analog="true" Repeat="0" RepeatRate="0"/>
	<VirtualOutCmd Title="PlayerZentral - Vol Playlist ID01 Zone04" Comment="" CmdOnMethod="GET" CmdOffMethod="GET" CmdOn="/phpcontrol/mpdvol.php?playlist_id=4&amp;vol_play01=&lt;v&gt;" CmdOnHTTP="" CmdOnPost="" CmdOff="" CmdOffHTTP="" CmdOffPost="" Analog="true" Repeat="0" RepeatRate="0"/>
	<VirtualOutCmd Title="PlayerZentral - Vol Playlist ID01 Zone05" Comment="" CmdOnMethod="GET" CmdOffMethod="GET" CmdOn="/phpcontrol/mpdvol.php?playlist_id=5&amp;vol_play01=&lt;v&gt;" CmdOnHTTP="" CmdOnPost="" CmdOff="" CmdOffHTTP="" CmdOffPost="" Analog="true" Repeat="0" RepeatRate="0"/>
	<VirtualOutCmd Title="PlayerZentral - Vol Playlist ID01 Zone06" Comment="" CmdOnMethod="GET" CmdOffMethod="GET" CmdOn="/phpcontrol/mpdvol.php?playlist_id=6&amp;vol_play01=&lt;v&gt;" CmdOnHTTP="" CmdOnPost="" CmdOff="" CmdOffHTTP="" CmdOffPost="" Analog="true" Repeat="0" RepeatRate="0"/>
	<VirtualOutCmd Title="PlayerZentral - Vol Playlist ID01 Zone07" Comment="" CmdOnMethod="GET" CmdOffMethod="GET" CmdOn="/phpcontrol/mpdvol.php?playlist_id=7&amp;vol_play01=&lt;v&gt;" CmdOnHTTP="" CmdOnPost="" CmdOff="" CmdOffHTTP="" CmdOffPost="" Analog="true" Repeat="0" RepeatRate="0"/>
	<VirtualOutCmd Title="PlayerZentral - Vol Playlist ID01 Zone08" Comment="" CmdOnMethod="GET" CmdOffMethod="GET" CmdOn="/phpcontrol/mpdvol.php?playlist_id=8&amp;vol_play01=&lt;v&gt;" CmdOnHTTP="" CmdOnPost="" CmdOff="" CmdOffHTTP="" CmdOffPost="" Analog="true" Repeat="0" RepeatRate="0"/>
	<VirtualOutCmd Title="PlayerZentral - Vol Playlist ID01 Zone09" Comment="" CmdOnMethod="GET" CmdOffMethod="GET" CmdOn="/phpcontrol/mpdvol.php?playlist_id=9&amp;vol_play01=&lt;v&gt;" CmdOnHTTP="" CmdOnPost="" CmdOff="" CmdOffHTTP="" CmdOffPost="" Analog="true" Repeat="0" RepeatRate="0"/>
	<VirtualOutCmd Title="PlayerZentral - Vol Playlist ID01 Zone10" Comment="" CmdOnMethod="GET" CmdOffMethod="GET" CmdOn="/phpcontrol/mpdvol.php?playlist_id=10&amp;vol_play01=&lt;v&gt;" CmdOnHTTP="" CmdOnPost="" CmdOff="" CmdOffHTTP="" CmdOffPost="" Analog="true" Repeat="0" RepeatRate="0"/>
	<VirtualOutCmd Title="PlayerZentral - Vol Playlist ID02 Zone01" Comment="" CmdOnMethod="GET" CmdOffMethod="GET" CmdOn="/phpcontrol/mpdvol.php?playlist_id=1&amp;vol_play02=&lt;v&gt;" CmdOnHTTP="" CmdOnPost="" CmdOff="" CmdOffHTTP="" CmdOffPost="" Analog="true" Repeat="0" RepeatRate="0"/>
	<VirtualOutCmd Title="PlayerZentral - Vol Playlist ID02 Zone02" Comment="" CmdOnMethod="GET" CmdOffMethod="GET" CmdOn="/phpcontrol/mpdvol.php?playlist_id=2&amp;vol_play02=&lt;v&gt;" CmdOnHTTP="" CmdOnPost="" CmdOff="" CmdOffHTTP="" CmdOffPost="" Analog="true" Repeat="0" RepeatRate="0"/>
	<VirtualOutCmd Title="PlayerZentral - Vol Playlist ID02 Zone03" Comment="" CmdOnMethod="GET" CmdOffMethod="GET" CmdOn="/phpcontrol/mpdvol.php?playlist_id=3&amp;vol_play02=&lt;v&gt;" CmdOnHTTP="" CmdOnPost="" CmdOff="" CmdOffHTTP="" CmdOffPost="" Analog="true" Repeat="0" RepeatRate="0"/>
	<VirtualOutCmd Title="PlayerZentral - Vol Playlist ID02 Zone04" Comment="" CmdOnMethod="GET" CmdOffMethod="GET" CmdOn="/phpcontrol/mpdvol.php?playlist_id=4&amp;vol_play02=&lt;v&gt;" CmdOnHTTP="" CmdOnPost="" CmdOff="" CmdOffHTTP="" CmdOffPost="" Analog="true" Repeat="0" RepeatRate="0"/>
	<VirtualOutCmd Title="PlayerZentral - Vol Playlist ID02 Zone05" Comment="" CmdOnMethod="GET" CmdOffMethod="GET" CmdOn="/phpcontrol/mpdvol.php?playlist_id=5&amp;vol_play02=&lt;v&gt;" CmdOnHTTP="" CmdOnPost="" CmdOff="" CmdOffHTTP="" CmdOffPost="" Analog="true" Repeat="0" RepeatRate="0"/>
	<VirtualOutCmd Title="PlayerZentral - Vol Playlist ID02 Zone06" Comment="" CmdOnMethod="GET" CmdOffMethod="GET" CmdOn="/phpcontrol/mpdvol.php?playlist_id=6&amp;vol_play02=&lt;v&gt;" CmdOnHTTP="" CmdOnPost="" CmdOff="" CmdOffHTTP="" CmdOffPost="" Analog="true" Repeat="0" RepeatRate="0"/>
	<VirtualOutCmd Title="PlayerZentral - Vol Playlist ID02 Zone07" Comment="" CmdOnMethod="GET" CmdOffMethod="GET" CmdOn="/phpcontrol/mpdvol.php?playlist_id=7&amp;vol_play02=&lt;v&gt;" CmdOnHTTP="" CmdOnPost="" CmdOff="" CmdOffHTTP="" CmdOffPost="" Analog="true" Repeat="0" RepeatRate="0"/>
	<VirtualOutCmd Title="PlayerZentral - Vol Playlist ID02 Zone08" Comment="" CmdOnMethod="GET" CmdOffMethod="GET" CmdOn="/phpcontrol/mpdvol.php?playlist_id=8&amp;vol_play02=&lt;v&gt;" CmdOnHTTP="" CmdOnPost="" CmdOff="" CmdOffHTTP="" CmdOffPost="" Analog="true" Repeat="0" RepeatRate="0"/>
	<VirtualOutCmd Title="PlayerZentral - Vol Playlist ID02 Zone09" Comment="" CmdOnMethod="GET" CmdOffMethod="GET" CmdOn="/phpcontrol/mpdvol.php?playlist_id=9&amp;vol_play02=&lt;v&gt;" CmdOnHTTP="" CmdOnPost="" CmdOff="" CmdOffHTTP="" CmdOffPost="" Analog="true" Repeat="0" RepeatRate="0"/>
	<VirtualOutCmd Title="PlayerZentral - Vol Playlist ID02 Zone10" Comment="" CmdOnMethod="GET" CmdOffMethod="GET" CmdOn="/phpcontrol/mpdvol.php?playlist_id=10&amp;vol_play02=&lt;v&gt;" CmdOnHTTP="" CmdOnPost="" CmdOff="" CmdOffHTTP="" CmdOffPost="" Analog="true" Repeat="0" RepeatRate="0"/>
	<VirtualOutCmd Title="PlayerZentral - Vol Playlist ID03 Zone01" Comment="" CmdOnMethod="GET" CmdOffMethod="GET" CmdOn="/phpcontrol/mpdvol.php?playlist_id=1&amp;vol_play03=&lt;v&gt;" CmdOnHTTP="" CmdOnPost="" CmdOff="" CmdOffHTTP="" CmdOffPost="" Analog="true" Repeat="0" RepeatRate="0"/>
	<VirtualOutCmd Title="PlayerZentral - Vol Playlist ID03 Zone02" Comment="" CmdOnMethod="GET" CmdOffMethod="GET" CmdOn="/phpcontrol/mpdvol.php?playlist_id=2&amp;vol_play03=&lt;v&gt;" CmdOnHTTP="" CmdOnPost="" CmdOff="" CmdOffHTTP="" CmdOffPost="" Analog="true" Repeat="0" RepeatRate="0"/>
	<VirtualOutCmd Title="PlayerZentral - Vol Playlist ID03 Zone03" Comment="" CmdOnMethod="GET" CmdOffMethod="GET" CmdOn="/phpcontrol/mpdvol.php?playlist_id=3&amp;vol_play03=&lt;v&gt;" CmdOnHTTP="" CmdOnPost="" CmdOff="" CmdOffHTTP="" CmdOffPost="" Analog="true" Repeat="0" RepeatRate="0"/>
	<VirtualOutCmd Title="PlayerZentral - Vol Playlist ID03 Zone04" Comment="" CmdOnMethod="GET" CmdOffMethod="GET" CmdOn="/phpcontrol/mpdvol.php?playlist_id=4&amp;vol_play03=&lt;v&gt;" CmdOnHTTP="" CmdOnPost="" CmdOff="" CmdOffHTTP="" CmdOffPost="" Analog="true" Repeat="0" RepeatRate="0"/>
	<VirtualOutCmd Title="PlayerZentral - Vol Playlist ID03 Zone05" Comment="" CmdOnMethod="GET" CmdOffMethod="GET" CmdOn="/phpcontrol/mpdvol.php?playlist_id=5&amp;vol_play03=&lt;v&gt;" CmdOnHTTP="" CmdOnPost="" CmdOff="" CmdOffHTTP="" CmdOffPost="" Analog="true" Repeat="0" RepeatRate="0"/>
	<VirtualOutCmd Title="PlayerZentral - Vol Playlist ID03 Zone06" Comment="" CmdOnMethod="GET" CmdOffMethod="GET" CmdOn="/phpcontrol/mpdvol.php?playlist_id=6&amp;vol_play03=&lt;v&gt;" CmdOnHTTP="" CmdOnPost="" CmdOff="" CmdOffHTTP="" CmdOffPost="" Analog="true" Repeat="0" RepeatRate="0"/>
	<VirtualOutCmd Title="PlayerZentral - Vol Playlist ID03 Zone07" Comment="" CmdOnMethod="GET" CmdOffMethod="GET" CmdOn="/phpcontrol/mpdvol.php?playlist_id=7&amp;vol_play03=&lt;v&gt;" CmdOnHTTP="" CmdOnPost="" CmdOff="" CmdOffHTTP="" CmdOffPost="" Analog="true" Repeat="0" RepeatRate="0"/>
	<VirtualOutCmd Title="PlayerZentral - Vol Playlist ID03 Zone08" Comment="" CmdOnMethod="GET" CmdOffMethod="GET" CmdOn="/phpcontrol/mpdvol.php?playlist_id=8&amp;vol_play03=&lt;v&gt;" CmdOnHTTP="" CmdOnPost="" CmdOff="" CmdOffHTTP="" CmdOffPost="" Analog="true" Repeat="0" RepeatRate="0"/>
	<VirtualOutCmd Title="PlayerZentral - Vol Playlist ID03 Zone09" Comment="" CmdOnMethod="GET" CmdOffMethod="GET" CmdOn="/phpcontrol/mpdvol.php?playlist_id=9&amp;vol_play03=&lt;v&gt;" CmdOnHTTP="" CmdOnPost="" CmdOff="" CmdOffHTTP="" CmdOffPost="" Analog="true" Repeat="0" RepeatRate="0"/>
	<VirtualOutCmd Title="PlayerZentral - Vol Playlist ID03 Zone10" Comment="" CmdOnMethod="GET" CmdOffMethod="GET" CmdOn="/phpcontrol/mpdvol.php?playlist_id=10&amp;vol_play03=&lt;v&gt;" CmdOnHTTP="" CmdOnPost="" CmdOff="" CmdOffHTTP="" CmdOffPost="" Analog="true" Repeat="0" RepeatRate="0"/>
	<VirtualOutCmd Title="PlayerZentral - Vol Playlist ID04 Zone01" Comment="" CmdOnMethod="GET" CmdOffMethod="GET" CmdOn="/phpcontrol/mpdvol.php?playlist_id=1&amp;vol_play04=&lt;v&gt;" CmdOnHTTP="" CmdOnPost="" CmdOff="" CmdOffHTTP="" CmdOffPost="" Analog="true" Repeat="0" RepeatRate="0"/>
	<VirtualOutCmd Title="PlayerZentral - Vol Playlist ID04 Zone02" Comment="" CmdOnMethod="GET" CmdOffMethod="GET" CmdOn="/phpcontrol/mpdvol.php?playlist_id=2&amp;vol_play04=&lt;v&gt;" CmdOnHTTP="" CmdOnPost="" CmdOff="" CmdOffHTTP="" CmdOffPost="" Analog="true" Repeat="0" RepeatRate="0"/>
	<VirtualOutCmd Title="PlayerZentral - Vol Playlist ID04 Zone03" Comment="" CmdOnMethod="GET" CmdOffMethod="GET" CmdOn="/phpcontrol/mpdvol.php?playlist_id=3&amp;vol_play04=&lt;v&gt;" CmdOnHTTP="" CmdOnPost="" CmdOff="" CmdOffHTTP="" CmdOffPost="" Analog="true" Repeat="0" RepeatRate="0"/>
	<VirtualOutCmd Title="PlayerZentral - Vol Playlist ID04 Zone04" Comment="" CmdOnMethod="GET" CmdOffMethod="GET" CmdOn="/phpcontrol/mpdvol.php?playlist_id=4&amp;vol_play04=&lt;v&gt;" CmdOnHTTP="" CmdOnPost="" CmdOff="" CmdOffHTTP="" CmdOffPost="" Analog="true" Repeat="0" RepeatRate="0"/>
	<VirtualOutCmd Title="PlayerZentral - Vol Playlist ID04 Zone05" Comment="" CmdOnMethod="GET" CmdOffMethod="GET" CmdOn="/phpcontrol/mpdvol.php?playlist_id=5&amp;vol_play04=&lt;v&gt;" CmdOnHTTP="" CmdOnPost="" CmdOff="" CmdOffHTTP="" CmdOffPost="" Analog="true" Repeat="0" RepeatRate="0"/>
	<VirtualOutCmd Title="PlayerZentral - Vol Playlist ID04 Zone06" Comment="" CmdOnMethod="GET" CmdOffMethod="GET" CmdOn="/phpcontrol/mpdvol.php?playlist_id=6&amp;vol_play04=&lt;v&gt;" CmdOnHTTP="" CmdOnPost="" CmdOff="" CmdOffHTTP="" CmdOffPost="" Analog="true" Repeat="0" RepeatRate="0"/>
	<VirtualOutCmd Title="PlayerZentral - Vol Playlist ID04 Zone07" Comment="" CmdOnMethod="GET" CmdOffMethod="GET" CmdOn="/phpcontrol/mpdvol.php?playlist_id=7&amp;vol_play04=&lt;v&gt;" CmdOnHTTP="" CmdOnPost="" CmdOff="" CmdOffHTTP="" CmdOffPost="" Analog="true" Repeat="0" RepeatRate="0"/>
	<VirtualOutCmd Title="PlayerZentral - Vol Playlist ID04 Zone08" Comment="" CmdOnMethod="GET" CmdOffMethod="GET" CmdOn="/phpcontrol/mpdvol.php?playlist_id=8&amp;vol_play04=&lt;v&gt;" CmdOnHTTP="" CmdOnPost="" CmdOff="" CmdOffHTTP="" CmdOffPost="" Analog="true" Repeat="0" RepeatRate="0"/>
	<VirtualOutCmd Title="PlayerZentral - Vol Playlist ID04 Zone09" Comment="" CmdOnMethod="GET" CmdOffMethod="GET" CmdOn="/phpcontrol/mpdvol.php?playlist_id=9&amp;vol_play04=&lt;v&gt;" CmdOnHTTP="" CmdOnPost="" CmdOff="" CmdOffHTTP="" CmdOffPost="" Analog="true" Repeat="0" RepeatRate="0"/>
	<VirtualOutCmd Title="PlayerZentral - Vol Playlist ID04 Zone10" Comment="" CmdOnMethod="GET" CmdOffMethod="GET" CmdOn="/phpcontrol/mpdvol.php?playlist_id=10&amp;vol_play04=&lt;v&gt;" CmdOnHTTP="" CmdOnPost="" CmdOff="" CmdOffHTTP="" CmdOffPost="" Analog="true" Repeat="0" RepeatRate="0"/>
	<VirtualOutCmd Title="PlayerZentral - Vol Playlist ID05 Zone01" Comment="" CmdOnMethod="GET" CmdOffMethod="GET" CmdOn="/phpcontrol/mpdvol.php?playlist_id=1&amp;vol_play05=&lt;v&gt;" CmdOnHTTP="" CmdOnPost="" CmdOff="" CmdOffHTTP="" CmdOffPost="" Analog="true" Repeat="0" RepeatRate="0"/>
	<VirtualOutCmd Title="PlayerZentral - Vol Playlist ID05 Zone02" Comment="" CmdOnMethod="GET" CmdOffMethod="GET" CmdOn="/phpcontrol/mpdvol.php?playlist_id=2&amp;vol_play05=&lt;v&gt;" CmdOnHTTP="" CmdOnPost="" CmdOff="" CmdOffHTTP="" CmdOffPost="" Analog="true" Repeat="0" RepeatRate="0"/>
	<VirtualOutCmd Title="PlayerZentral - Vol Playlist ID05 Zone03" Comment="" CmdOnMethod="GET" CmdOffMethod="GET" CmdOn="/phpcontrol/mpdvol.php?playlist_id=3&amp;vol_play05=&lt;v&gt;" CmdOnHTTP="" CmdOnPost="" CmdOff="" CmdOffHTTP="" CmdOffPost="" Analog="true" Repeat="0" RepeatRate="0"/>
	<VirtualOutCmd Title="PlayerZentral - Vol Playlist ID05 Zone04" Comment="" CmdOnMethod="GET" CmdOffMethod="GET" CmdOn="/phpcontrol/mpdvol.php?playlist_id=4&amp;vol_play05=&lt;v&gt;" CmdOnHTTP="" CmdOnPost="" CmdOff="" CmdOffHTTP="" CmdOffPost="" Analog="true" Repeat="0" RepeatRate="0"/>
	<VirtualOutCmd Title="PlayerZentral - Vol Playlist ID05 Zone05" Comment="" CmdOnMethod="GET" CmdOffMethod="GET" CmdOn="/phpcontrol/mpdvol.php?playlist_id=5&amp;vol_play05=&lt;v&gt;" CmdOnHTTP="" CmdOnPost="" CmdOff="" CmdOffHTTP="" CmdOffPost="" Analog="true" Repeat="0" RepeatRate="0"/>
	<VirtualOutCmd Title="PlayerZentral - Vol Playlist ID05 Zone06" Comment="" CmdOnMethod="GET" CmdOffMethod="GET" CmdOn="/phpcontrol/mpdvol.php?playlist_id=6&amp;vol_play05=&lt;v&gt;" CmdOnHTTP="" CmdOnPost="" CmdOff="" CmdOffHTTP="" CmdOffPost="" Analog="true" Repeat="0" RepeatRate="0"/>
	<VirtualOutCmd Title="PlayerZentral - Vol Playlist ID05 Zone07" Comment="" CmdOnMethod="GET" CmdOffMethod="GET" CmdOn="/phpcontrol/mpdvol.php?playlist_id=7&amp;vol_play05=&lt;v&gt;" CmdOnHTTP="" CmdOnPost="" CmdOff="" CmdOffHTTP="" CmdOffPost="" Analog="true" Repeat="0" RepeatRate="0"/>
	<VirtualOutCmd Title="PlayerZentral - Vol Playlist ID05 Zone08" Comment="" CmdOnMethod="GET" CmdOffMethod="GET" CmdOn="/phpcontrol/mpdvol.php?playlist_id=8&amp;vol_play05=&lt;v&gt;" CmdOnHTTP="" CmdOnPost="" CmdOff="" CmdOffHTTP="" CmdOffPost="" Analog="true" Repeat="0" RepeatRate="0"/>
	<VirtualOutCmd Title="PlayerZentral - Vol Playlist ID05 Zone09" Comment="" CmdOnMethod="GET" CmdOffMethod="GET" CmdOn="/phpcontrol/mpdvol.php?playlist_id=9&amp;vol_play05=&lt;v&gt;" CmdOnHTTP="" CmdOnPost="" CmdOff="" CmdOffHTTP="" CmdOffPost="" Analog="true" Repeat="0" RepeatRate="0"/>
	<VirtualOutCmd Title="PlayerZentral - Vol Playlist ID05 Zone10" Comment="" CmdOnMethod="GET" CmdOffMethod="GET" CmdOn="/phpcontrol/mpdvol.php?playlist_id=10&amp;vol_play05=&lt;v&gt;" CmdOnHTTP="" CmdOnPost="" CmdOff="" CmdOffHTTP="" CmdOffPost="" Analog="true" Repeat="0" RepeatRate="0"/>
	<VirtualOutCmd Title="PlayerZentral - Vol Playlist ID06 Zone01" Comment="" CmdOnMethod="GET" CmdOffMethod="GET" CmdOn="/phpcontrol/mpdvol.php?playlist_id=1&amp;vol_play06=&lt;v&gt;" CmdOnHTTP="" CmdOnPost="" CmdOff="" CmdOffHTTP="" CmdOffPost="" Analog="true" Repeat="0" RepeatRate="0"/>
	<VirtualOutCmd Title="PlayerZentral - Vol Playlist ID06 Zone02" Comment="" CmdOnMethod="GET" CmdOffMethod="GET" CmdOn="/phpcontrol/mpdvol.php?playlist_id=2&amp;vol_play06=&lt;v&gt;" CmdOnHTTP="" CmdOnPost="" CmdOff="" CmdOffHTTP="" CmdOffPost="" Analog="true" Repeat="0" RepeatRate="0"/>
	<VirtualOutCmd Title="PlayerZentral - Vol Playlist ID06 Zone03" Comment="" CmdOnMethod="GET" CmdOffMethod="GET" CmdOn="/phpcontrol/mpdvol.php?playlist_id=3&amp;vol_play06=&lt;v&gt;" CmdOnHTTP="" CmdOnPost="" CmdOff="" CmdOffHTTP="" CmdOffPost="" Analog="true" Repeat="0" RepeatRate="0"/>
	<VirtualOutCmd Title="PlayerZentral - Vol Playlist ID06 Zone04" Comment="" CmdOnMethod="GET" CmdOffMethod="GET" CmdOn="/phpcontrol/mpdvol.php?playlist_id=4&amp;vol_play06=&lt;v&gt;" CmdOnHTTP="" CmdOnPost="" CmdOff="" CmdOffHTTP="" CmdOffPost="" Analog="true" Repeat="0" RepeatRate="0"/>
	<VirtualOutCmd Title="PlayerZentral - Vol Playlist ID06 Zone05" Comment="" CmdOnMethod="GET" CmdOffMethod="GET" CmdOn="/phpcontrol/mpdvol.php?playlist_id=5&amp;vol_play06=&lt;v&gt;" CmdOnHTTP="" CmdOnPost="" CmdOff="" CmdOffHTTP="" CmdOffPost="" Analog="true" Repeat="0" RepeatRate="0"/>
	<VirtualOutCmd Title="PlayerZentral - Vol Playlist ID06 Zone06" Comment="" CmdOnMethod="GET" CmdOffMethod="GET" CmdOn="/phpcontrol/mpdvol.php?playlist_id=6&amp;vol_play06=&lt;v&gt;" CmdOnHTTP="" CmdOnPost="" CmdOff="" CmdOffHTTP="" CmdOffPost="" Analog="true" Repeat="0" RepeatRate="0"/>
	<VirtualOutCmd Title="PlayerZentral - Vol Playlist ID06 Zone07" Comment="" CmdOnMethod="GET" CmdOffMethod="GET" CmdOn="/phpcontrol/mpdvol.php?playlist_id=7&amp;vol_play06=&lt;v&gt;" CmdOnHTTP="" CmdOnPost="" CmdOff="" CmdOffHTTP="" CmdOffPost="" Analog="true" Repeat="0" RepeatRate="0"/>
	<VirtualOutCmd Title="PlayerZentral - Vol Playlist ID06 Zone08" Comment="" CmdOnMethod="GET" CmdOffMethod="GET" CmdOn="/phpcontrol/mpdvol.php?playlist_id=8&amp;vol_play06=&lt;v&gt;" CmdOnHTTP="" CmdOnPost="" CmdOff="" CmdOffHTTP="" CmdOffPost="" Analog="true" Repeat="0" RepeatRate="0"/>
	<VirtualOutCmd Title="PlayerZentral - Vol Playlist ID06 Zone09" Comment="" CmdOnMethod="GET" CmdOffMethod="GET" CmdOn="/phpcontrol/mpdvol.php?playlist_id=9&amp;vol_play06=&lt;v&gt;" CmdOnHTTP="" CmdOnPost="" CmdOff="" CmdOffHTTP="" CmdOffPost="" Analog="true" Repeat="0" RepeatRate="0"/>
	<VirtualOutCmd Title="PlayerZentral - Vol Playlist ID06 Zone10" Comment="" CmdOnMethod="GET" CmdOffMethod="GET" CmdOn="/phpcontrol/mpdvol.php?playlist_id=10&amp;vol_play06=&lt;v&gt;" CmdOnHTTP="" CmdOnPost="" CmdOff="" CmdOffHTTP="" CmdOffPost="" Analog="true" Repeat="0" RepeatRate="0"/>
	<VirtualOutCmd Title="PlayerZentral - Vol Playlist ID07 Zone01" Comment="" CmdOnMethod="GET" CmdOffMethod="GET" CmdOn="/phpcontrol/mpdvol.php?playlist_id=1&amp;vol_play07=&lt;v&gt;" CmdOnHTTP="" CmdOnPost="" CmdOff="" CmdOffHTTP="" CmdOffPost="" Analog="true" Repeat="0" RepeatRate="0"/>
	<VirtualOutCmd Title="PlayerZentral - Vol Playlist ID07 Zone02" Comment="" CmdOnMethod="GET" CmdOffMethod="GET" CmdOn="/phpcontrol/mpdvol.php?playlist_id=2&amp;vol_play07=&lt;v&gt;" CmdOnHTTP="" CmdOnPost="" CmdOff="" CmdOffHTTP="" CmdOffPost="" Analog="true" Repeat="0" RepeatRate="0"/>
	<VirtualOutCmd Title="PlayerZentral - Vol Playlist ID07 Zone03" Comment="" CmdOnMethod="GET" CmdOffMethod="GET" CmdOn="/phpcontrol/mpdvol.php?playlist_id=3&amp;vol_play07=&lt;v&gt;" CmdOnHTTP="" CmdOnPost="" CmdOff="" CmdOffHTTP="" CmdOffPost="" Analog="true" Repeat="0" RepeatRate="0"/>
	<VirtualOutCmd Title="PlayerZentral - Vol Playlist ID07 Zone04" Comment="" CmdOnMethod="GET" CmdOffMethod="GET" CmdOn="/phpcontrol/mpdvol.php?playlist_id=4&amp;vol_play07=&lt;v&gt;" CmdOnHTTP="" CmdOnPost="" CmdOff="" CmdOffHTTP="" CmdOffPost="" Analog="true" Repeat="0" RepeatRate="0"/>
	<VirtualOutCmd Title="PlayerZentral - Vol Playlist ID07 Zone05" Comment="" CmdOnMethod="GET" CmdOffMethod="GET" CmdOn="/phpcontrol/mpdvol.php?playlist_id=5&amp;vol_play07=&lt;v&gt;" CmdOnHTTP="" CmdOnPost="" CmdOff="" CmdOffHTTP="" CmdOffPost="" Analog="true" Repeat="0" RepeatRate="0"/>
	<VirtualOutCmd Title="PlayerZentral - Vol Playlist ID07 Zone06" Comment="" CmdOnMethod="GET" CmdOffMethod="GET" CmdOn="/phpcontrol/mpdvol.php?playlist_id=6&amp;vol_play07=&lt;v&gt;" CmdOnHTTP="" CmdOnPost="" CmdOff="" CmdOffHTTP="" CmdOffPost="" Analog="true" Repeat="0" RepeatRate="0"/>
	<VirtualOutCmd Title="PlayerZentral - Vol Playlist ID07 Zone07" Comment="" CmdOnMethod="GET" CmdOffMethod="GET" CmdOn="/phpcontrol/mpdvol.php?playlist_id=7&amp;vol_play07=&lt;v&gt;" CmdOnHTTP="" CmdOnPost="" CmdOff="" CmdOffHTTP="" CmdOffPost="" Analog="true" Repeat="0" RepeatRate="0"/>
	<VirtualOutCmd Title="PlayerZentral - Vol Playlist ID07 Zone08" Comment="" CmdOnMethod="GET" CmdOffMethod="GET" CmdOn="/phpcontrol/mpdvol.php?playlist_id=8&amp;vol_play07=&lt;v&gt;" CmdOnHTTP="" CmdOnPost="" CmdOff="" CmdOffHTTP="" CmdOffPost="" Analog="true" Repeat="0" RepeatRate="0"/>
	<VirtualOutCmd Title="PlayerZentral - Vol Playlist ID07 Zone09" Comment="" CmdOnMethod="GET" CmdOffMethod="GET" CmdOn="/phpcontrol/mpdvol.php?playlist_id=9&amp;vol_play07=&lt;v&gt;" CmdOnHTTP="" CmdOnPost="" CmdOff="" CmdOffHTTP="" CmdOffPost="" Analog="true" Repeat="0" RepeatRate="0"/>
	<VirtualOutCmd Title="PlayerZentral - Vol Playlist ID07 Zone10" Comment="" CmdOnMethod="GET" CmdOffMethod="GET" CmdOn="/phpcontrol/mpdvol.php?playlist_id=10&amp;vol_play07=&lt;v&gt;" CmdOnHTTP="" CmdOnPost="" CmdOff="" CmdOffHTTP="" CmdOffPost="" Analog="true" Repeat="0" RepeatRate="0"/>
	<VirtualOutCmd Title="PlayerZentral - Vol Playlist ID08 Zone01" Comment="" CmdOnMethod="GET" CmdOffMethod="GET" CmdOn="/phpcontrol/mpdvol.php?playlist_id=1&amp;vol_play08=&lt;v&gt;" CmdOnHTTP="" CmdOnPost="" CmdOff="" CmdOffHTTP="" CmdOffPost="" Analog="true" Repeat="0" RepeatRate="0"/>
	<VirtualOutCmd Title="PlayerZentral - Vol Playlist ID08 Zone02" Comment="" CmdOnMethod="GET" CmdOffMethod="GET" CmdOn="/phpcontrol/mpdvol.php?playlist_id=2&amp;vol_play08=&lt;v&gt;" CmdOnHTTP="" CmdOnPost="" CmdOff="" CmdOffHTTP="" CmdOffPost="" Analog="true" Repeat="0" RepeatRate="0"/>
	<VirtualOutCmd Title="PlayerZentral - Vol Playlist ID08 Zone03" Comment="" CmdOnMethod="GET" CmdOffMethod="GET" CmdOn="/phpcontrol/mpdvol.php?playlist_id=3&amp;vol_play08=&lt;v&gt;" CmdOnHTTP="" CmdOnPost="" CmdOff="" CmdOffHTTP="" CmdOffPost="" Analog="true" Repeat="0" RepeatRate="0"/>
	<VirtualOutCmd Title="PlayerZentral - Vol Playlist ID08 Zone04" Comment="" CmdOnMethod="GET" CmdOffMethod="GET" CmdOn="/phpcontrol/mpdvol.php?playlist_id=4&amp;vol_play08=&lt;v&gt;" CmdOnHTTP="" CmdOnPost="" CmdOff="" CmdOffHTTP="" CmdOffPost="" Analog="true" Repeat="0" RepeatRate="0"/>
	<VirtualOutCmd Title="PlayerZentral - Vol Playlist ID08 Zone05" Comment="" CmdOnMethod="GET" CmdOffMethod="GET" CmdOn="/phpcontrol/mpdvol.php?playlist_id=5&amp;vol_play08=&lt;v&gt;" CmdOnHTTP="" CmdOnPost="" CmdOff="" CmdOffHTTP="" CmdOffPost="" Analog="true" Repeat="0" RepeatRate="0"/>
	<VirtualOutCmd Title="PlayerZentral - Vol Playlist ID08 Zone06" Comment="" CmdOnMethod="GET" CmdOffMethod="GET" CmdOn="/phpcontrol/mpdvol.php?playlist_id=6&amp;vol_play08=&lt;v&gt;" CmdOnHTTP="" CmdOnPost="" CmdOff="" CmdOffHTTP="" CmdOffPost="" Analog="true" Repeat="0" RepeatRate="0"/>
	<VirtualOutCmd Title="PlayerZentral - Vol Playlist ID08 Zone07" Comment="" CmdOnMethod="GET" CmdOffMethod="GET" CmdOn="/phpcontrol/mpdvol.php?playlist_id=7&amp;vol_play08=&lt;v&gt;" CmdOnHTTP="" CmdOnPost="" CmdOff="" CmdOffHTTP="" CmdOffPost="" Analog="true" Repeat="0" RepeatRate="0"/>
	<VirtualOutCmd Title="PlayerZentral - Vol Playlist ID08 Zone08" Comment="" CmdOnMethod="GET" CmdOffMethod="GET" CmdOn="/phpcontrol/mpdvol.php?playlist_id=8&amp;vol_play08=&lt;v&gt;" CmdOnHTTP="" CmdOnPost="" CmdOff="" CmdOffHTTP="" CmdOffPost="" Analog="true" Repeat="0" RepeatRate="0"/>
	<VirtualOutCmd Title="PlayerZentral - Vol Playlist ID08 Zone09" Comment="" CmdOnMethod="GET" CmdOffMethod="GET" CmdOn="/phpcontrol/mpdvol.php?playlist_id=9&amp;vol_play08=&lt;v&gt;" CmdOnHTTP="" CmdOnPost="" CmdOff="" CmdOffHTTP="" CmdOffPost="" Analog="true" Repeat="0" RepeatRate="0"/>
	<VirtualOutCmd Title="PlayerZentral - Vol Playlist ID08 Zone10" Comment="" CmdOnMethod="GET" CmdOffMethod="GET" CmdOn="/phpcontrol/mpdvol.php?playlist_id=10&amp;vol_play08=&lt;v&gt;" CmdOnHTTP="" CmdOnPost="" CmdOff="" CmdOffHTTP="" CmdOffPost="" Analog="true" Repeat="0" RepeatRate="0"/>
	<VirtualOutCmd Title="PlayerZentral - Vol Playlist ID09 Zone01" Comment="" CmdOnMethod="GET" CmdOffMethod="GET" CmdOn="/phpcontrol/mpdvol.php?playlist_id=1&amp;vol_play09=&lt;v&gt;" CmdOnHTTP="" CmdOnPost="" CmdOff="" CmdOffHTTP="" CmdOffPost="" Analog="true" Repeat="0" RepeatRate="0"/>
	<VirtualOutCmd Title="PlayerZentral - Vol Playlist ID09 Zone02" Comment="" CmdOnMethod="GET" CmdOffMethod="GET" CmdOn="/phpcontrol/mpdvol.php?playlist_id=2&amp;vol_play09=&lt;v&gt;" CmdOnHTTP="" CmdOnPost="" CmdOff="" CmdOffHTTP="" CmdOffPost="" Analog="true" Repeat="0" RepeatRate="0"/>
	<VirtualOutCmd Title="PlayerZentral - Vol Playlist ID09 Zone03" Comment="" CmdOnMethod="GET" CmdOffMethod="GET" CmdOn="/phpcontrol/mpdvol.php?playlist_id=3&amp;vol_play09=&lt;v&gt;" CmdOnHTTP="" CmdOnPost="" CmdOff="" CmdOffHTTP="" CmdOffPost="" Analog="true" Repeat="0" RepeatRate="0"/>
	<VirtualOutCmd Title="PlayerZentral - Vol Playlist ID09 Zone04" Comment="" CmdOnMethod="GET" CmdOffMethod="GET" CmdOn="/phpcontrol/mpdvol.php?playlist_id=4&amp;vol_play09=&lt;v&gt;" CmdOnHTTP="" CmdOnPost="" CmdOff="" CmdOffHTTP="" CmdOffPost="" Analog="true" Repeat="0" RepeatRate="0"/>
	<VirtualOutCmd Title="PlayerZentral - Vol Playlist ID09 Zone05" Comment="" CmdOnMethod="GET" CmdOffMethod="GET" CmdOn="/phpcontrol/mpdvol.php?playlist_id=5&amp;vol_play09=&lt;v&gt;" CmdOnHTTP="" CmdOnPost="" CmdOff="" CmdOffHTTP="" CmdOffPost="" Analog="true" Repeat="0" RepeatRate="0"/>
	<VirtualOutCmd Title="PlayerZentral - Vol Playlist ID09 Zone06" Comment="" CmdOnMethod="GET" CmdOffMethod="GET" CmdOn="/phpcontrol/mpdvol.php?playlist_id=6&amp;vol_play09=&lt;v&gt;" CmdOnHTTP="" CmdOnPost="" CmdOff="" CmdOffHTTP="" CmdOffPost="" Analog="true" Repeat="0" RepeatRate="0"/>
	<VirtualOutCmd Title="PlayerZentral - Vol Playlist ID09 Zone07" Comment="" CmdOnMethod="GET" CmdOffMethod="GET" CmdOn="/phpcontrol/mpdvol.php?playlist_id=7&amp;vol_play09=&lt;v&gt;" CmdOnHTTP="" CmdOnPost="" CmdOff="" CmdOffHTTP="" CmdOffPost="" Analog="true" Repeat="0" RepeatRate="0"/>
	<VirtualOutCmd Title="PlayerZentral - Vol Playlist ID09 Zone08" Comment="" CmdOnMethod="GET" CmdOffMethod="GET" CmdOn="/phpcontrol/mpdvol.php?playlist_id=8&amp;vol_play09=&lt;v&gt;" CmdOnHTTP="" CmdOnPost="" CmdOff="" CmdOffHTTP="" CmdOffPost="" Analog="true" Repeat="0" RepeatRate="0"/>
	<VirtualOutCmd Title="PlayerZentral - Vol Playlist ID09 Zone09" Comment="" CmdOnMethod="GET" CmdOffMethod="GET" CmdOn="/phpcontrol/mpdvol.php?playlist_id=9&amp;vol_play09=&lt;v&gt;" CmdOnHTTP="" CmdOnPost="" CmdOff="" CmdOffHTTP="" CmdOffPost="" Analog="true" Repeat="0" RepeatRate="0"/>
	<VirtualOutCmd Title="PlayerZentral - Vol Playlist ID09 Zone10" Comment="" CmdOnMethod="GET" CmdOffMethod="GET" CmdOn="/phpcontrol/mpdvol.php?playlist_id=10&amp;vol_play09=&lt;v&gt;" CmdOnHTTP="" CmdOnPost="" CmdOff="" CmdOffHTTP="" CmdOffPost="" Analog="true" Repeat="0" RepeatRate="0"/>
	<VirtualOutCmd Title="PlayerZentral - Vol Playlist ID10 Zone01" Comment="" CmdOnMethod="GET" CmdOffMethod="GET" CmdOn="/phpcontrol/mpdvol.php?playlist_id=1&amp;vol_play10=&lt;v&gt;" CmdOnHTTP="" CmdOnPost="" CmdOff="" CmdOffHTTP="" CmdOffPost="" Analog="true" Repeat="0" RepeatRate="0"/>
	<VirtualOutCmd Title="PlayerZentral - Vol Playlist ID10 Zone02" Comment="" CmdOnMethod="GET" CmdOffMethod="GET" CmdOn="/phpcontrol/mpdvol.php?playlist_id=2&amp;vol_play10=&lt;v&gt;" CmdOnHTTP="" CmdOnPost="" CmdOff="" CmdOffHTTP="" CmdOffPost="" Analog="true" Repeat="0" RepeatRate="0"/>
	<VirtualOutCmd Title="PlayerZentral - Vol Playlist ID10 Zone03" Comment="" CmdOnMethod="GET" CmdOffMethod="GET" CmdOn="/phpcontrol/mpdvol.php?playlist_id=3&amp;vol_play10=&lt;v&gt;" CmdOnHTTP="" CmdOnPost="" CmdOff="" CmdOffHTTP="" CmdOffPost="" Analog="true" Repeat="0" RepeatRate="0"/>
	<VirtualOutCmd Title="PlayerZentral - Vol Playlist ID10 Zone04" Comment="" CmdOnMethod="GET" CmdOffMethod="GET" CmdOn="/phpcontrol/mpdvol.php?playlist_id=4&amp;vol_play10=&lt;v&gt;" CmdOnHTTP="" CmdOnPost="" CmdOff="" CmdOffHTTP="" CmdOffPost="" Analog="true" Repeat="0" RepeatRate="0"/>
	<VirtualOutCmd Title="PlayerZentral - Vol Playlist ID10 Zone05" Comment="" CmdOnMethod="GET" CmdOffMethod="GET" CmdOn="/phpcontrol/mpdvol.php?playlist_id=5&amp;vol_play10=&lt;v&gt;" CmdOnHTTP="" CmdOnPost="" CmdOff="" CmdOffHTTP="" CmdOffPost="" Analog="true" Repeat="0" RepeatRate="0"/>
	<VirtualOutCmd Title="PlayerZentral - Vol Playlist ID10 Zone06" Comment="" CmdOnMethod="GET" CmdOffMethod="GET" CmdOn="/phpcontrol/mpdvol.php?playlist_id=6&amp;vol_play10=&lt;v&gt;" CmdOnHTTP="" CmdOnPost="" CmdOff="" CmdOffHTTP="" CmdOffPost="" Analog="true" Repeat="0" RepeatRate="0"/>
	<VirtualOutCmd Title="PlayerZentral - Vol Playlist ID10 Zone07" Comment="" CmdOnMethod="GET" CmdOffMethod="GET" CmdOn="/phpcontrol/mpdvol.php?playlist_id=7&amp;vol_play10=&lt;v&gt;" CmdOnHTTP="" CmdOnPost="" CmdOff="" CmdOffHTTP="" CmdOffPost="" Analog="true" Repeat="0" RepeatRate="0"/>
	<VirtualOutCmd Title="PlayerZentral - Vol Playlist ID10 Zone08" Comment="" CmdOnMethod="GET" CmdOffMethod="GET" CmdOn="/phpcontrol/mpdvol.php?playlist_id=8&amp;vol_play10=&lt;v&gt;" CmdOnHTTP="" CmdOnPost="" CmdOff="" CmdOffHTTP="" CmdOffPost="" Analog="true" Repeat="0" RepeatRate="0"/>
	<VirtualOutCmd Title="PlayerZentral - Vol Playlist ID10 Zone09" Comment="" CmdOnMethod="GET" CmdOffMethod="GET" CmdOn="/phpcontrol/mpdvol.php?playlist_id=9&amp;vol_play10=&lt;v&gt;" CmdOnHTTP="" CmdOnPost="" CmdOff="" CmdOffHTTP="" CmdOffPost="" Analog="true" Repeat="0" RepeatRate="0"/>
	<VirtualOutCmd Title="PlayerZentral - Vol Playlist ID10 Zone10" Comment="" CmdOnMethod="GET" CmdOffMethod="GET" CmdOn="/phpcontrol/mpdvol.php?playlist_id=10&amp;vol_play10=&lt;v&gt;" CmdOnHTTP="" CmdOnPost="" CmdOff="" CmdOffHTTP="" CmdOffPost="" Analog="true" Repeat="0" RepeatRate="0"/>
	<VirtualOutCmd Title="PlayerZentral - Play Playlist ID03" Comment="" CmdOnMethod="GET" CmdOffMethod="GET" CmdOn="/phpcontrol/mpdvol.php?playlist_id=3&amp;play=1" CmdOnHTTP="" CmdOnPost="" CmdOff="" CmdOffHTTP="" CmdOffPost="" Analog="false" Repeat="0" RepeatRate="0"/>
	<VirtualOutCmd Title="PlayerZentral - Play Playlist ID04" Comment="" CmdOnMethod="GET" CmdOffMethod="GET" CmdOn="/phpcontrol/mpdvol.php?playlist_id=4&amp;play=1" CmdOnHTTP="" CmdOnPost="" CmdOff="" CmdOffHTTP="" CmdOffPost="" Analog="false" Repeat="0" RepeatRate="0"/>
	<VirtualOutCmd Title="PlayerZentral - Play Playlist ID05" Comment="" CmdOnMethod="GET" CmdOffMethod="GET" CmdOn="/phpcontrol/mpdvol.php?playlist_id=5&amp;play=1" CmdOnHTTP="" CmdOnPost="" CmdOff="" CmdOffHTTP="" CmdOffPost="" Analog="false" Repeat="0" RepeatRate="0"/>
	<VirtualOutCmd Title="PlayerZentral - Play Playlist ID06" Comment="" CmdOnMethod="GET" CmdOffMethod="GET" CmdOn="/phpcontrol/mpdvol.php?playlist_id=6&amp;play=1" CmdOnHTTP="" CmdOnPost="" CmdOff="" CmdOffHTTP="" CmdOffPost="" Analog="false" Repeat="0" RepeatRate="0"/>
	<VirtualOutCmd Title="PlayerZentral - Play Playlist ID07" Comment="" CmdOnMethod="GET" CmdOffMethod="GET" CmdOn="/phpcontrol/mpdvol.php?playlist_id=7&amp;play=1" CmdOnHTTP="" CmdOnPost="" CmdOff="" CmdOffHTTP="" CmdOffPost="" Analog="false" Repeat="0" RepeatRate="0"/>
	<VirtualOutCmd Title="PlayerZentral - Play Playlist ID08" Comment="" CmdOnMethod="GET" CmdOffMethod="GET" CmdOn="/phpcontrol/mpdvol.php?playlist_id=8&amp;play=1" CmdOnHTTP="" CmdOnPost="" CmdOff="" CmdOffHTTP="" CmdOffPost="" Analog="false" Repeat="0" RepeatRate="0"/>
	<VirtualOutCmd Title="PlayerZentral - Play Playlist ID09" Comment="" CmdOnMethod="GET" CmdOffMethod="GET" CmdOn="/phpcontrol/mpdvol.php?playlist_id=9&amp;play=1" CmdOnHTTP="" CmdOnPost="" CmdOff="" CmdOffHTTP="" CmdOffPost="" Analog="false" Repeat="0" RepeatRate="0"/>
	<VirtualOutCmd Title="PlayerZentral - Play Playlist ID10" Comment="" CmdOnMethod="GET" CmdOffMethod="GET" CmdOn="/phpcontrol/mpdvol.php?playlist_id=10&amp;play=1" CmdOnHTTP="" CmdOnPost="" CmdOff="" CmdOffHTTP="" CmdOffPost="" Analog="false" Repeat="0" RepeatRate="0"/>
	<VirtualOutCmd Title="LineIn - Stop Zone01" Comment="" CmdOnMethod="GET" CmdOffMethod="GET" CmdOn="/phpcontrol/linein.php?card_out=01" CmdOnHTTP="" CmdOnPost="" CmdOff="" CmdOffHTTP="" CmdOffPost="" Analog="false" Repeat="0" RepeatRate="0"/>
	<VirtualOutCmd Title="LineIn - Stop Zone02" Comment="" CmdOnMethod="GET" CmdOffMethod="GET" CmdOn="/phpcontrol/linein.php?card_out=02" CmdOnHTTP="" CmdOnPost="" CmdOff="" CmdOffHTTP="" CmdOffPost="" Analog="false" Repeat="0" RepeatRate="0"/>
	<VirtualOutCmd Title="LineIn - Stop Zone03" Comment="" CmdOnMethod="GET" CmdOffMethod="GET" CmdOn="/phpcontrol/linein.php?card_out=03" CmdOnHTTP="" CmdOnPost="" CmdOff="" CmdOffHTTP="" CmdOffPost="" Analog="false" Repeat="0" RepeatRate="0"/>
	<VirtualOutCmd Title="LineIn - Stop Zone04" Comment="" CmdOnMethod="GET" CmdOffMethod="GET" CmdOn="/phpcontrol/linein.php?card_out=04" CmdOnHTTP="" CmdOnPost="" CmdOff="" CmdOffHTTP="" CmdOffPost="" Analog="false" Repeat="0" RepeatRate="0"/>
	<VirtualOutCmd Title="LineIn - Stop Zone05" Comment="" CmdOnMethod="GET" CmdOffMethod="GET" CmdOn="/phpcontrol/linein.php?card_out=05" CmdOnHTTP="" CmdOnPost="" CmdOff="" CmdOffHTTP="" CmdOffPost="" Analog="false" Repeat="0" RepeatRate="0"/>
	<VirtualOutCmd Title="LineIn - Stop Zone06" Comment="" CmdOnMethod="GET" CmdOffMethod="GET" CmdOn="/phpcontrol/linein.php?card_out=06" CmdOnHTTP="" CmdOnPost="" CmdOff="" CmdOffHTTP="" CmdOffPost="" Analog="false" Repeat="0" RepeatRate="0"/>
	<VirtualOutCmd Title="LineIn - Stop Zone07" Comment="" CmdOnMethod="GET" CmdOffMethod="GET" CmdOn="/phpcontrol/linein.php?card_out=07" CmdOnHTTP="" CmdOnPost="" CmdOff="" CmdOffHTTP="" CmdOffPost="" Analog="false" Repeat="0" RepeatRate="0"/>
	<VirtualOutCmd Title="LineIn - Stop Zone08" Comment="" CmdOnMethod="GET" CmdOffMethod="GET" CmdOn="/phpcontrol/linein.php?card_out=08" CmdOnHTTP="" CmdOnPost="" CmdOff="" CmdOffHTTP="" CmdOffPost="" Analog="false" Repeat="0" RepeatRate="0"/>
	<VirtualOutCmd Title="LineIn - Stop Zone09" Comment="" CmdOnMethod="GET" CmdOffMethod="GET" CmdOn="/phpcontrol/linein.php?card_out=09" CmdOnHTTP="" CmdOnPost="" CmdOff="" CmdOffHTTP="" CmdOffPost="" Analog="false" Repeat="0" RepeatRate="0"/>
	<VirtualOutCmd Title="LineIn - Stop Zone10" Comment="" CmdOnMethod="GET" CmdOffMethod="GET" CmdOn="/phpcontrol/linein.php?card_out=10" CmdOnHTTP="" CmdOnPost="" CmdOff="" CmdOffHTTP="" CmdOffPost="" Analog="false" Repeat="0" RepeatRate="0"/>
	<VirtualOutCmd Title="LineIn - Volume Zone01" Comment="" CmdOnMethod="GET" CmdOffMethod="GET" CmdOn="/phpcontrol/linein.php?card_out=01&amp;volume=&lt;v&gt;" CmdOnHTTP="" CmdOnPost="" CmdOff="" CmdOffHTTP="" CmdOffPost="" Analog="true" Repeat="0" RepeatRate="0"/>
	<VirtualOutCmd Title="LineIn - Volume Zone02" Comment="" CmdOnMethod="GET" CmdOffMethod="GET" CmdOn="/phpcontrol/linein.php?card_out=02&amp;volume=&lt;v&gt;" CmdOnHTTP="" CmdOnPost="" CmdOff="" CmdOffHTTP="" CmdOffPost="" Analog="true" Repeat="0" RepeatRate="0"/>
	<VirtualOutCmd Title="LineIn - Volume Zone03" Comment="" CmdOnMethod="GET" CmdOffMethod="GET" CmdOn="/phpcontrol/linein.php?card_out=03&amp;volume=&lt;v&gt;" CmdOnHTTP="" CmdOnPost="" CmdOff="" CmdOffHTTP="" CmdOffPost="" Analog="true" Repeat="0" RepeatRate="0"/>
	<VirtualOutCmd Title="LineIn - Volume Zone04" Comment="" CmdOnMethod="GET" CmdOffMethod="GET" CmdOn="/phpcontrol/linein.php?card_out=04&amp;volume=&lt;v&gt;" CmdOnHTTP="" CmdOnPost="" CmdOff="" CmdOffHTTP="" CmdOffPost="" Analog="true" Repeat="0" RepeatRate="0"/>
	<VirtualOutCmd Title="LineIn - Volume Zone05" Comment="" CmdOnMethod="GET" CmdOffMethod="GET" CmdOn="/phpcontrol/linein.php?card_out=05&amp;volume=&lt;v&gt;" CmdOnHTTP="" CmdOnPost="" CmdOff="" CmdOffHTTP="" CmdOffPost="" Analog="true" Repeat="0" RepeatRate="0"/>
	<VirtualOutCmd Title="LineIn - Volume Zone06" Comment="" CmdOnMethod="GET" CmdOffMethod="GET" CmdOn="/phpcontrol/linein.php?card_out=06&amp;volume=&lt;v&gt;" CmdOnHTTP="" CmdOnPost="" CmdOff="" CmdOffHTTP="" CmdOffPost="" Analog="true" Repeat="0" RepeatRate="0"/>
	<VirtualOutCmd Title="LineIn - Volume Zone07" Comment="" CmdOnMethod="GET" CmdOffMethod="GET" CmdOn="/phpcontrol/linein.php?card_out=07&amp;volume=&lt;v&gt;" CmdOnHTTP="" CmdOnPost="" CmdOff="" CmdOffHTTP="" CmdOffPost="" Analog="true" Repeat="0" RepeatRate="0"/>
	<VirtualOutCmd Title="LineIn - Volume Zone08" Comment="" CmdOnMethod="GET" CmdOffMethod="GET" CmdOn="/phpcontrol/linein.php?card_out=08&amp;volume=&lt;v&gt;" CmdOnHTTP="" CmdOnPost="" CmdOff="" CmdOffHTTP="" CmdOffPost="" Analog="true" Repeat="0" RepeatRate="0"/>
	<VirtualOutCmd Title="LineIn - Volume Zone09" Comment="" CmdOnMethod="GET" CmdOffMethod="GET" CmdOn="/phpcontrol/linein.php?card_out=09&amp;volume=&lt;v&gt;" CmdOnHTTP="" CmdOnPost="" CmdOff="" CmdOffHTTP="" CmdOffPost="" Analog="true" Repeat="0" RepeatRate="0"/>
	<VirtualOutCmd Title="LineIn - Volume Zone10" Comment="" CmdOnMethod="GET" CmdOffMethod="GET" CmdOn="/phpcontrol/linein.php?card_out=10&amp;volume=&lt;v&gt;" CmdOnHTTP="" CmdOnPost="" CmdOff="" CmdOffHTTP="" CmdOffPost="" Analog="true" Repeat="0" RepeatRate="0"/>
</VirtualOut>
