﻿<?xml version="1.0" encoding="utf-8"?>
<VirtualOut Title="Audio Squeezebox" Comment="" Address="tcp://192.168.0.127:9090" CmdInit="" CloseAfterSend="true" CmdSep="">
	<VirtualOutCmd Title="MAC01 Play" Comment="" CmdOnMethod="GET" CmdOffMethod="GET" CmdOn="00:00:00:00:00:01 play\r" CmdOnHTTP="" CmdOnPost="" CmdOff="" CmdOffHTTP="" CmdOffPost="" Analog="false" Repeat="0" RepeatRate="0"/>
	<VirtualOutCmd Title="MAC01 Ausschalten" Comment="" CmdOnMethod="GET" CmdOffMethod="GET" CmdOn="00:00:00:00:00:01 power 0\r" CmdOnHTTP="" CmdOnPost="" CmdOff="" CmdOffHTTP="" CmdOffPost="" Analog="false" Repeat="0" RepeatRate="0"/>
	<VirtualOutCmd Title="MAC01 Volume plus 3 Prozent" Comment="" CmdOnMethod="GET" CmdOffMethod="GET" CmdOn="00:00:00:00:00:01 mixer volume +3\r" CmdOnHTTP="" CmdOnPost="" CmdOff="" CmdOffHTTP="" CmdOffPost="" Analog="false" Repeat="0" RepeatRate="0"/>
	<VirtualOutCmd Title="MAC01 Volume minus 3 Prozent" Comment="" CmdOnMethod="GET" CmdOffMethod="GET" CmdOn="00:00:00:00:00:01 mixer volume -3\r" CmdOnHTTP="" CmdOnPost="" CmdOff="" CmdOffHTTP="" CmdOffPost="" Analog="false" Repeat="0" RepeatRate="0"/>
	<VirtualOutCmd Title="MAC01 Ansage/Play FM4" Comment="" CmdOnMethod="GET" CmdOffMethod="GET" CmdOn="00:00:00:00:00:01 playlist play /media/Soundfiles/Ansagen/FM4.mp3\r" CmdOnHTTP="" CmdOnPost="" CmdOff="00:00:00:00:00:01 playlist add  http://opml.radiotime.com/Tune.ashx?id=s15596&amp;formats=aac,ogg,mp3&amp;partnerId=16&amp;serial=5462afb091ee58c0bc639aee42211930\r" CmdOffHTTP="" CmdOffPost="" Analog="false" Repeat="0" RepeatRate="0"/>
	<VirtualOutCmd Title="MAC01 Ansage/Play Ö3" Comment="" CmdOnMethod="GET" CmdOffMethod="GET" CmdOn="00:00:00:00:00:01 playlist play /media/Soundfiles/Ansagen/OE3.mp3\r" CmdOnHTTP="" CmdOnPost="" CmdOff="00:00:00:00:00:01 playlist add http://opml.radiotime.com/Tune.ashx?id=s15580&amp;formats=aac,ogg,mp3&amp;partnerId=16&amp;serial=5462afb091ee58c0bc639aee42211930\r" CmdOffHTTP="" CmdOffPost="" Analog="false" Repeat="0" RepeatRate="0"/>
	<VirtualOutCmd Title="MAC01 Ansage/Play KroneHit" Comment="" CmdOnMethod="GET" CmdOffMethod="GET" CmdOn="00:00:00:00:00:01 playlist play /media/Soundfiles/Ansagen/KroneHit.mp3\r" CmdOnHTTP="" CmdOnPost="" CmdOff="00:00:00:00:00:01 playlist add http://onair.krone.at/kronehit.mp3\r" CmdOffHTTP="" CmdOffPost="" Analog="false" Repeat="0" RepeatRate="0"/>
	<VirtualOutCmd Title="MAC01 Ansage/Play LifeRadio" Comment="" CmdOnMethod="GET" CmdOffMethod="GET" CmdOn="00:00:00:00:00:01 playlist play /media/Soundfiles/Ansagen/LifeRadio.mp3\r" CmdOnHTTP="" CmdOnPost="" CmdOff="00:00:00:00:00:01 playlist add http://opml.radiotime.com/Tune.ashx?id=s15592&amp;formats=aac,ogg,mp3&amp;partnerId=16&amp;serial=25b150044ee7378d9f139f40d700c530\r" CmdOffHTTP="" CmdOffPost="" Analog="false" Repeat="0" RepeatRate="0"/>
	<VirtualOutCmd Title="MAC01 Volume plus 30 Prozent" Comment="" CmdOnMethod="GET" CmdOffMethod="GET" CmdOn="00:00:00:00:00:01 mixer volume +30\r" CmdOnHTTP="" CmdOnPost="" CmdOff="" CmdOffHTTP="" CmdOffPost="" Analog="false" Repeat="0" RepeatRate="0"/>
	<VirtualOutCmd Title="MAC01 Volume minus 30 Prozent" Comment="" CmdOnMethod="GET" CmdOffMethod="GET" CmdOn="00:00:00:00:00:01 mixer volume -30\r" CmdOnHTTP="" CmdOnPost="" CmdOff="" CmdOffHTTP="" CmdOffPost="" Analog="false" Repeat="0" RepeatRate="0"/>
	<VirtualOutCmd Title="MAC01 Ansage/Play Radio OÖ" Comment="" CmdOnMethod="GET" CmdOffMethod="GET" CmdOn="00:00:00:00:00:01 playlist play /media/Soundfiles/Ansagen/RadioOOE.mp3\r" CmdOnHTTP="" CmdOnPost="" CmdOff="00:00:00:00:00:01 playlist add  http://opml.radiotime.com/Tune.ashx?id=s16660&amp;formats=aac,ogg,mp3&amp;partnerId=16&amp;serial=91f32276a9fba16d226ac025845bfb17\r" CmdOffHTTP="" CmdOffPost="" Analog="false" Repeat="0" RepeatRate="0"/>
	<VirtualOutCmd Title="MAC01 Ansage/Play LoungeFM" Comment="" CmdOnMethod="GET" CmdOffMethod="GET" CmdOn="00:00:00:00:00:01 playlist play /media/Soundfiles/Ansagen/LoungeFM.mp3\r" CmdOnHTTP="" CmdOnPost="" CmdOff="00:00:00:00:00:01 playlist add http://opml.radiotime.com/Tune.ashx?id=s68932&amp;formats=aac,ogg,mp3&amp;partnerId=16&amp;serial=feda8a0f8cbb688b78d7e0d60864c902\r" CmdOffHTTP="" CmdOffPost="" Analog="false" Repeat="0" RepeatRate="0"/>
	<VirtualOutCmd Title="MAC01 Ansage/Play Favorit1" Comment="" CmdOnMethod="GET" CmdOffMethod="GET" CmdOn="00:00:00:00:00:01 playlist play /media/Soundfiles/Ansagen/Sender1.mp3\r" CmdOnHTTP="" CmdOnPost="" CmdOff="00:00:00:00:00:01 favorites playlist add item_id:1\r" CmdOffHTTP="" CmdOffPost="" Analog="false" Repeat="0" RepeatRate="0"/>
	<VirtualOutCmd Title="MAC01 Ansage/Play Favorit2" Comment="" CmdOnMethod="GET" CmdOffMethod="GET" CmdOn="00:00:00:00:00:01 playlist play /media/Soundfiles/Ansagen/Sender2.mp3\r" CmdOnHTTP="" CmdOnPost="" CmdOff="00:00:00:00:00:01 favorites playlist add item_id:2\r" CmdOffHTTP="" CmdOffPost="" Analog="false" Repeat="0" RepeatRate="0"/>
	<VirtualOutCmd Title="MAC02 Play" Comment="" CmdOnMethod="GET" CmdOffMethod="GET" CmdOn="00:00:00:00:00:02 play\r" CmdOnHTTP="" CmdOnPost="" CmdOff="" CmdOffHTTP="" CmdOffPost="" Analog="false" Repeat="0" RepeatRate="0"/>
	<VirtualOutCmd Title="MAC02 Ausschalten" Comment="" CmdOnMethod="GET" CmdOffMethod="GET" CmdOn="00:00:00:00:00:02 power 0\r" CmdOnHTTP="" CmdOnPost="" CmdOff="" CmdOffHTTP="" CmdOffPost="" Analog="false" Repeat="0" RepeatRate="0"/>
	<VirtualOutCmd Title="MAC02 Volume plus 3 Prozent" Comment="" CmdOnMethod="GET" CmdOffMethod="GET" CmdOn="00:00:00:00:00:02 mixer volume +3\r" CmdOnHTTP="" CmdOnPost="" CmdOff="" CmdOffHTTP="" CmdOffPost="" Analog="false" Repeat="0" RepeatRate="0"/>
	<VirtualOutCmd Title="MAC02 Volume minus 3 Prozent" Comment="" CmdOnMethod="GET" CmdOffMethod="GET" CmdOn="00:00:00:00:00:02 mixer volume -3\r" CmdOnHTTP="" CmdOnPost="" CmdOff="" CmdOffHTTP="" CmdOffPost="" Analog="false" Repeat="0" RepeatRate="0"/>
	<VirtualOutCmd Title="MAC02 Ansage/Play FM4" Comment="" CmdOnMethod="GET" CmdOffMethod="GET" CmdOn="00:00:00:00:00:02 playlist play /media/Soundfiles/Ansagen/FM4.mp3\r" CmdOnHTTP="" CmdOnPost="" CmdOff="00:00:00:00:00:02 playlist add  http://opml.radiotime.com/Tune.ashx?id=s15596&amp;formats=aac,ogg,mp3&amp;partnerId=16&amp;serial=5462afb091ee58c0bc639aee42211930\r" CmdOffHTTP="" CmdOffPost="" Analog="false" Repeat="0" RepeatRate="0"/>
	<VirtualOutCmd Title="MAC02 Ansage/Play Ö3" Comment="" CmdOnMethod="GET" CmdOffMethod="GET" CmdOn="00:00:00:00:00:02 playlist play /media/Soundfiles/Ansagen/OE3.mp3\r" CmdOnHTTP="" CmdOnPost="" CmdOff="00:00:00:00:00:02 playlist add http://opml.radiotime.com/Tune.ashx?id=s15580&amp;formats=aac,ogg,mp3&amp;partnerId=16&amp;serial=5462afb091ee58c0bc639aee42211930\r" CmdOffHTTP="" CmdOffPost="" Analog="false" Repeat="0" RepeatRate="0"/>
	<VirtualOutCmd Title="MAC02 Ansage/Play KroneHit" Comment="" CmdOnMethod="GET" CmdOffMethod="GET" CmdOn="00:00:00:00:00:02 playlist play /media/Soundfiles/Ansagen/KroneHit.mp3\r" CmdOnHTTP="" CmdOnPost="" CmdOff="00:00:00:00:00:02 playlist add http://onair.krone.at/kronehit.mp3\r" CmdOffHTTP="" CmdOffPost="" Analog="false" Repeat="0" RepeatRate="0"/>
	<VirtualOutCmd Title="MAC02 Ansage/Play LifeRadio" Comment="" CmdOnMethod="GET" CmdOffMethod="GET" CmdOn="00:00:00:00:00:02 playlist play /media/Soundfiles/Ansagen/LifeRadio.mp3\r" CmdOnHTTP="" CmdOnPost="" CmdOff="00:00:00:00:00:02 playlist add http://opml.radiotime.com/Tune.ashx?id=s15592&amp;formats=aac,ogg,mp3&amp;partnerId=16&amp;serial=25b150044ee7378d9f139f40d700c530\r" CmdOffHTTP="" CmdOffPost="" Analog="false" Repeat="0" RepeatRate="0"/>
	<VirtualOutCmd Title="MAC02 Volume plus 30 Prozent" Comment="" CmdOnMethod="GET" CmdOffMethod="GET" CmdOn="00:00:00:00:00:02 mixer volume +30\r" CmdOnHTTP="" CmdOnPost="" CmdOff="" CmdOffHTTP="" CmdOffPost="" Analog="false" Repeat="0" RepeatRate="0"/>
	<VirtualOutCmd Title="MAC02 Volume minus 30 Prozent" Comment="" CmdOnMethod="GET" CmdOffMethod="GET" CmdOn="00:00:00:00:00:02 mixer volume -30\r" CmdOnHTTP="" CmdOnPost="" CmdOff="" CmdOffHTTP="" CmdOffPost="" Analog="false" Repeat="0" RepeatRate="0"/>
	<VirtualOutCmd Title="MAC02 Ansage/Play Radio OÖ" Comment="" CmdOnMethod="GET" CmdOffMethod="GET" CmdOn="00:00:00:00:00:02 playlist play /media/Soundfiles/Ansagen/RadioOOE.mp3\r" CmdOnHTTP="" CmdOnPost="" CmdOff="00:00:00:00:00:02 playlist add  http://opml.radiotime.com/Tune.ashx?id=s16660&amp;formats=aac,ogg,mp3&amp;partnerId=16&amp;serial=91f32276a9fba16d226ac025845bfb17\r" CmdOffHTTP="" CmdOffPost="" Analog="false" Repeat="0" RepeatRate="0"/>
	<VirtualOutCmd Title="MAC02 Ansage/Play LoungeFM" Comment="" CmdOnMethod="GET" CmdOffMethod="GET" CmdOn="00:00:00:00:00:02 playlist play /media/Soundfiles/Ansagen/LoungeFM.mp3\r" CmdOnHTTP="" CmdOnPost="" CmdOff="00:00:00:00:00:02 playlist add http://opml.radiotime.com/Tune.ashx?id=s68932&amp;formats=aac,ogg,mp3&amp;partnerId=16&amp;serial=feda8a0f8cbb688b78d7e0d60864c902\r" CmdOffHTTP="" CmdOffPost="" Analog="false" Repeat="0" RepeatRate="0"/>
	<VirtualOutCmd Title="MAC02 Ansage/Play Favorit1" Comment="" CmdOnMethod="GET" CmdOffMethod="GET" CmdOn="00:00:00:00:00:02 playlist play /media/Soundfiles/Ansagen/Sender1.mp3\r" CmdOnHTTP="" CmdOnPost="" CmdOff="00:00:00:00:00:02 favorites playlist add item_id:1\r" CmdOffHTTP="" CmdOffPost="" Analog="false" Repeat="0" RepeatRate="0"/>
	<VirtualOutCmd Title="MAC02 Ansage/Play Favorit2" Comment="" CmdOnMethod="GET" CmdOffMethod="GET" CmdOn="00:00:00:00:00:02 playlist play /media/Soundfiles/Ansagen/Sender2.mp3\r" CmdOnHTTP="" CmdOnPost="" CmdOff="00:00:00:00:00:02 favorites playlist add item_id:2\r" CmdOffHTTP="" CmdOffPost="" Analog="false" Repeat="0" RepeatRate="0"/>
	
	<VirtualOutCmd Title="MAC03 Play" Comment="" CmdOnMethod="GET" CmdOffMethod="GET" CmdOn="00:00:00:00:00:03 play\r" CmdOnHTTP="" CmdOnPost="" CmdOff="" CmdOffHTTP="" CmdOffPost="" Analog="false" Repeat="0" RepeatRate="0"/>
	<VirtualOutCmd Title="MAC03 Ausschalten" Comment="" CmdOnMethod="GET" CmdOffMethod="GET" CmdOn="00:00:00:00:00:03 power 0\r" CmdOnHTTP="" CmdOnPost="" CmdOff="" CmdOffHTTP="" CmdOffPost="" Analog="false" Repeat="0" RepeatRate="0"/>
	<VirtualOutCmd Title="MAC03 Volume plus 3 Prozent" Comment="" CmdOnMethod="GET" CmdOffMethod="GET" CmdOn="00:00:00:00:00:03 mixer volume +3\r" CmdOnHTTP="" CmdOnPost="" CmdOff="" CmdOffHTTP="" CmdOffPost="" Analog="false" Repeat="0" RepeatRate="0"/>
	<VirtualOutCmd Title="MAC03 Volume minus 3 Prozent" Comment="" CmdOnMethod="GET" CmdOffMethod="GET" CmdOn="00:00:00:00:00:03 mixer volume -3\r" CmdOnHTTP="" CmdOnPost="" CmdOff="" CmdOffHTTP="" CmdOffPost="" Analog="false" Repeat="0" RepeatRate="0"/>
	<VirtualOutCmd Title="MAC03 Ansage/Play FM4" Comment="" CmdOnMethod="GET" CmdOffMethod="GET" CmdOn="00:00:00:00:00:03 playlist play /media/Soundfiles/Ansagen/FM4.mp3\r" CmdOnHTTP="" CmdOnPost="" CmdOff="00:00:00:00:00:03 playlist add  http://opml.radiotime.com/Tune.ashx?id=s15596&amp;formats=aac,ogg,mp3&amp;partnerId=16&amp;serial=5462afb091ee58c0bc639aee42211930\r" CmdOffHTTP="" CmdOffPost="" Analog="false" Repeat="0" RepeatRate="0"/>
	<VirtualOutCmd Title="MAC03 Ansage/Play Ö3" Comment="" CmdOnMethod="GET" CmdOffMethod="GET" CmdOn="00:00:00:00:00:03 playlist play /media/Soundfiles/Ansagen/OE3.mp3\r" CmdOnHTTP="" CmdOnPost="" CmdOff="00:00:00:00:00:03 playlist add http://opml.radiotime.com/Tune.ashx?id=s15580&amp;formats=aac,ogg,mp3&amp;partnerId=16&amp;serial=5462afb091ee58c0bc639aee42211930\r" CmdOffHTTP="" CmdOffPost="" Analog="false" Repeat="0" RepeatRate="0"/>
	<VirtualOutCmd Title="MAC03 Ansage/Play KroneHit" Comment="" CmdOnMethod="GET" CmdOffMethod="GET" CmdOn="00:00:00:00:00:03 playlist play /media/Soundfiles/Ansagen/KroneHit.mp3\r" CmdOnHTTP="" CmdOnPost="" CmdOff="00:00:00:00:00:03 playlist add http://onair.krone.at/kronehit.mp3\r" CmdOffHTTP="" CmdOffPost="" Analog="false" Repeat="0" RepeatRate="0"/>
	<VirtualOutCmd Title="MAC03 Ansage/Play LifeRadio" Comment="" CmdOnMethod="GET" CmdOffMethod="GET" CmdOn="00:00:00:00:00:03 playlist play /media/Soundfiles/Ansagen/LifeRadio.mp3\r" CmdOnHTTP="" CmdOnPost="" CmdOff="00:00:00:00:00:03 playlist add http://opml.radiotime.com/Tune.ashx?id=s15592&amp;formats=aac,ogg,mp3&amp;partnerId=16&amp;serial=25b150044ee7378d9f139f40d700c530\r" CmdOffHTTP="" CmdOffPost="" Analog="false" Repeat="0" RepeatRate="0"/>
	<VirtualOutCmd Title="MAC03 Volume plus 30 Prozent" Comment="" CmdOnMethod="GET" CmdOffMethod="GET" CmdOn="00:00:00:00:00:03 mixer volume +30\r" CmdOnHTTP="" CmdOnPost="" CmdOff="" CmdOffHTTP="" CmdOffPost="" Analog="false" Repeat="0" RepeatRate="0"/>
	<VirtualOutCmd Title="MAC03 Volume minus 30 Prozent" Comment="" CmdOnMethod="GET" CmdOffMethod="GET" CmdOn="00:00:00:00:00:03 mixer volume -30\r" CmdOnHTTP="" CmdOnPost="" CmdOff="" CmdOffHTTP="" CmdOffPost="" Analog="false" Repeat="0" RepeatRate="0"/>
	<VirtualOutCmd Title="MAC03 Ansage/Play Radio OÖ" Comment="" CmdOnMethod="GET" CmdOffMethod="GET" CmdOn="00:00:00:00:00:03 playlist play /media/Soundfiles/Ansagen/RadioOOE.mp3\r" CmdOnHTTP="" CmdOnPost="" CmdOff="00:00:00:00:00:03 playlist add  http://opml.radiotime.com/Tune.ashx?id=s16660&amp;formats=aac,ogg,mp3&amp;partnerId=16&amp;serial=91f32276a9fba16d226ac025845bfb17\r" CmdOffHTTP="" CmdOffPost="" Analog="false" Repeat="0" RepeatRate="0"/>
	<VirtualOutCmd Title="MAC03 Ansage/Play LoungeFM" Comment="" CmdOnMethod="GET" CmdOffMethod="GET" CmdOn="00:00:00:00:00:03 playlist play /media/Soundfiles/Ansagen/LoungeFM.mp3\r" CmdOnHTTP="" CmdOnPost="" CmdOff="00:00:00:00:00:03 playlist add http://opml.radiotime.com/Tune.ashx?id=s68932&amp;formats=aac,ogg,mp3&amp;partnerId=16&amp;serial=feda8a0f8cbb688b78d7e0d60864c902\r" CmdOffHTTP="" CmdOffPost="" Analog="false" Repeat="0" RepeatRate="0"/>
	<VirtualOutCmd Title="MAC03 Ansage/Play Favorit1" Comment="" CmdOnMethod="GET" CmdOffMethod="GET" CmdOn="00:00:00:00:00:03 playlist play /media/Soundfiles/Ansagen/Sender1.mp3\r" CmdOnHTTP="" CmdOnPost="" CmdOff="00:00:00:00:00:03 favorites playlist add item_id:1\r" CmdOffHTTP="" CmdOffPost="" Analog="false" Repeat="0" RepeatRate="0"/>
	<VirtualOutCmd Title="MAC03 Ansage/Play Favorit2" Comment="" CmdOnMethod="GET" CmdOffMethod="GET" CmdOn="00:00:00:00:00:03 playlist play /media/Soundfiles/Ansagen/Sender2.mp3\r" CmdOnHTTP="" CmdOnPost="" CmdOff="00:00:00:00:00:03 favorites playlist add item_id:2\r" CmdOffHTTP="" CmdOffPost="" Analog="false" Repeat="0" RepeatRate="0"/>
	
	<VirtualOutCmd Title="MAC04 Play" Comment="" CmdOnMethod="GET" CmdOffMethod="GET" CmdOn="00:00:00:00:00:04 play\r" CmdOnHTTP="" CmdOnPost="" CmdOff="" CmdOffHTTP="" CmdOffPost="" Analog="false" Repeat="0" RepeatRate="0"/>
	<VirtualOutCmd Title="MAC04 Ausschalten" Comment="" CmdOnMethod="GET" CmdOffMethod="GET" CmdOn="00:00:00:00:00:04 power 0\r" CmdOnHTTP="" CmdOnPost="" CmdOff="" CmdOffHTTP="" CmdOffPost="" Analog="false" Repeat="0" RepeatRate="0"/>
	<VirtualOutCmd Title="MAC04 Volume plus 3 Prozent" Comment="" CmdOnMethod="GET" CmdOffMethod="GET" CmdOn="00:00:00:00:00:04 mixer volume +3\r" CmdOnHTTP="" CmdOnPost="" CmdOff="" CmdOffHTTP="" CmdOffPost="" Analog="false" Repeat="0" RepeatRate="0"/>
	<VirtualOutCmd Title="MAC04 Volume minus 3 Prozent" Comment="" CmdOnMethod="GET" CmdOffMethod="GET" CmdOn="00:00:00:00:00:04 mixer volume -3\r" CmdOnHTTP="" CmdOnPost="" CmdOff="" CmdOffHTTP="" CmdOffPost="" Analog="false" Repeat="0" RepeatRate="0"/>
	<VirtualOutCmd Title="MAC04 Ansage/Play FM4" Comment="" CmdOnMethod="GET" CmdOffMethod="GET" CmdOn="00:00:00:00:00:04 playlist play /media/Soundfiles/Ansagen/FM4.mp3\r" CmdOnHTTP="" CmdOnPost="" CmdOff="00:00:00:00:00:04 playlist add  http://opml.radiotime.com/Tune.ashx?id=s15596&amp;formats=aac,ogg,mp3&amp;partnerId=16&amp;serial=5462afb091ee58c0bc639aee42211930\r" CmdOffHTTP="" CmdOffPost="" Analog="false" Repeat="0" RepeatRate="0"/>
	<VirtualOutCmd Title="MAC04 Ansage/Play Ö3" Comment="" CmdOnMethod="GET" CmdOffMethod="GET" CmdOn="00:00:00:00:00:04 playlist play /media/Soundfiles/Ansagen/OE3.mp3\r" CmdOnHTTP="" CmdOnPost="" CmdOff="00:00:00:00:00:04 playlist add http://opml.radiotime.com/Tune.ashx?id=s15580&amp;formats=aac,ogg,mp3&amp;partnerId=16&amp;serial=5462afb091ee58c0bc639aee42211930\r" CmdOffHTTP="" CmdOffPost="" Analog="false" Repeat="0" RepeatRate="0"/>
	<VirtualOutCmd Title="MAC04 Ansage/Play KroneHit" Comment="" CmdOnMethod="GET" CmdOffMethod="GET" CmdOn="00:00:00:00:00:04 playlist play /media/Soundfiles/Ansagen/KroneHit.mp3\r" CmdOnHTTP="" CmdOnPost="" CmdOff="00:00:00:00:00:04 playlist add http://onair.krone.at/kronehit.mp3\r" CmdOffHTTP="" CmdOffPost="" Analog="false" Repeat="0" RepeatRate="0"/>
	<VirtualOutCmd Title="MAC04 Ansage/Play LifeRadio" Comment="" CmdOnMethod="GET" CmdOffMethod="GET" CmdOn="00:00:00:00:00:04 playlist play /media/Soundfiles/Ansagen/LifeRadio.mp3\r" CmdOnHTTP="" CmdOnPost="" CmdOff="00:00:00:00:00:04 playlist add http://opml.radiotime.com/Tune.ashx?id=s15592&amp;formats=aac,ogg,mp3&amp;partnerId=16&amp;serial=25b150044ee7378d9f139f40d700c530\r" CmdOffHTTP="" CmdOffPost="" Analog="false" Repeat="0" RepeatRate="0"/>
	<VirtualOutCmd Title="MAC04 Volume plus 30 Prozent" Comment="" CmdOnMethod="GET" CmdOffMethod="GET" CmdOn="00:00:00:00:00:04 mixer volume +30\r" CmdOnHTTP="" CmdOnPost="" CmdOff="" CmdOffHTTP="" CmdOffPost="" Analog="false" Repeat="0" RepeatRate="0"/>
	<VirtualOutCmd Title="MAC04 Volume minus 30 Prozent" Comment="" CmdOnMethod="GET" CmdOffMethod="GET" CmdOn="00:00:00:00:00:04 mixer volume -30\r" CmdOnHTTP="" CmdOnPost="" CmdOff="" CmdOffHTTP="" CmdOffPost="" Analog="false" Repeat="0" RepeatRate="0"/>
	<VirtualOutCmd Title="MAC04 Ansage/Play Radio OÖ" Comment="" CmdOnMethod="GET" CmdOffMethod="GET" CmdOn="00:00:00:00:00:04 playlist play /media/Soundfiles/Ansagen/RadioOOE.mp3\r" CmdOnHTTP="" CmdOnPost="" CmdOff="00:00:00:00:00:04 playlist add  http://opml.radiotime.com/Tune.ashx?id=s16660&amp;formats=aac,ogg,mp3&amp;partnerId=16&amp;serial=91f32276a9fba16d226ac025845bfb17\r" CmdOffHTTP="" CmdOffPost="" Analog="false" Repeat="0" RepeatRate="0"/>
	<VirtualOutCmd Title="MAC04 Ansage/Play LoungeFM" Comment="" CmdOnMethod="GET" CmdOffMethod="GET" CmdOn="00:00:00:00:00:04 playlist play /media/Soundfiles/Ansagen/LoungeFM.mp3\r" CmdOnHTTP="" CmdOnPost="" CmdOff="00:00:00:00:00:04 playlist add http://opml.radiotime.com/Tune.ashx?id=s68932&amp;formats=aac,ogg,mp3&amp;partnerId=16&amp;serial=feda8a0f8cbb688b78d7e0d60864c902\r" CmdOffHTTP="" CmdOffPost="" Analog="false" Repeat="0" RepeatRate="0"/>
	<VirtualOutCmd Title="MAC04 Ansage/Play Favorit1" Comment="" CmdOnMethod="GET" CmdOffMethod="GET" CmdOn="00:00:00:00:00:04 playlist play /media/Soundfiles/Ansagen/Sender1.mp3\r" CmdOnHTTP="" CmdOnPost="" CmdOff="00:00:00:00:00:04 favorites playlist add item_id:1\r" CmdOffHTTP="" CmdOffPost="" Analog="false" Repeat="0" RepeatRate="0"/>
	<VirtualOutCmd Title="MAC04 Ansage/Play Favorit2" Comment="" CmdOnMethod="GET" CmdOffMethod="GET" CmdOn="00:00:00:00:00:04 playlist play /media/Soundfiles/Ansagen/Sender2.mp3\r" CmdOnHTTP="" CmdOnPost="" CmdOff="00:00:00:00:00:04 favorites playlist add item_id:2\r" CmdOffHTTP="" CmdOffPost="" Analog="false" Repeat="0" RepeatRate="0"/>
	
	<VirtualOutCmd Title="MAC06 Play" Comment="" CmdOnMethod="GET" CmdOffMethod="GET" CmdOn="00:00:00:00:00:06 play\r" CmdOnHTTP="" CmdOnPost="" CmdOff="" CmdOffHTTP="" CmdOffPost="" Analog="false" Repeat="0" RepeatRate="0"/>
	<VirtualOutCmd Title="MAC06 Ausschalten" Comment="" CmdOnMethod="GET" CmdOffMethod="GET" CmdOn="00:00:00:00:00:06 power 0\r" CmdOnHTTP="" CmdOnPost="" CmdOff="" CmdOffHTTP="" CmdOffPost="" Analog="false" Repeat="0" RepeatRate="0"/>
	<VirtualOutCmd Title="MAC06 Volume plus 3 Prozent" Comment="" CmdOnMethod="GET" CmdOffMethod="GET" CmdOn="00:00:00:00:00:06 mixer volume +3\r" CmdOnHTTP="" CmdOnPost="" CmdOff="" CmdOffHTTP="" CmdOffPost="" Analog="false" Repeat="0" RepeatRate="0"/>
	<VirtualOutCmd Title="MAC06 Volume minus 3 Prozent" Comment="" CmdOnMethod="GET" CmdOffMethod="GET" CmdOn="00:00:00:00:00:06 mixer volume -3\r" CmdOnHTTP="" CmdOnPost="" CmdOff="" CmdOffHTTP="" CmdOffPost="" Analog="false" Repeat="0" RepeatRate="0"/>
	<VirtualOutCmd Title="MAC06 Ansage/Play FM4" Comment="" CmdOnMethod="GET" CmdOffMethod="GET" CmdOn="00:00:00:00:00:06 playlist play /media/Soundfiles/Ansagen/FM4.mp3\r" CmdOnHTTP="" CmdOnPost="" CmdOff="00:00:00:00:00:06 playlist add  http://opml.radiotime.com/Tune.ashx?id=s15596&amp;formats=aac,ogg,mp3&amp;partnerId=16&amp;serial=5462afb091ee58c0bc639aee42211930\r" CmdOffHTTP="" CmdOffPost="" Analog="false" Repeat="0" RepeatRate="0"/>
	<VirtualOutCmd Title="MAC06 Ansage/Play Ö3" Comment="" CmdOnMethod="GET" CmdOffMethod="GET" CmdOn="00:00:00:00:00:06 playlist play /media/Soundfiles/Ansagen/OE3.mp3\r" CmdOnHTTP="" CmdOnPost="" CmdOff="00:00:00:00:00:06 playlist add http://opml.radiotime.com/Tune.ashx?id=s15580&amp;formats=aac,ogg,mp3&amp;partnerId=16&amp;serial=5462afb091ee58c0bc639aee42211930\r" CmdOffHTTP="" CmdOffPost="" Analog="false" Repeat="0" RepeatRate="0"/>
	<VirtualOutCmd Title="MAC06 Ansage/Play KroneHit" Comment="" CmdOnMethod="GET" CmdOffMethod="GET" CmdOn="00:00:00:00:00:06 playlist play /media/Soundfiles/Ansagen/KroneHit.mp3\r" CmdOnHTTP="" CmdOnPost="" CmdOff="00:00:00:00:00:06 playlist add http://onair.krone.at/kronehit.mp3\r" CmdOffHTTP="" CmdOffPost="" Analog="false" Repeat="0" RepeatRate="0"/>
	<VirtualOutCmd Title="MAC06 Ansage/Play LifeRadio" Comment="" CmdOnMethod="GET" CmdOffMethod="GET" CmdOn="00:00:00:00:00:06 playlist play /media/Soundfiles/Ansagen/LifeRadio.mp3\r" CmdOnHTTP="" CmdOnPost="" CmdOff="00:00:00:00:00:06 playlist add http://opml.radiotime.com/Tune.ashx?id=s15592&amp;formats=aac,ogg,mp3&amp;partnerId=16&amp;serial=25b150044ee7378d9f139f40d700c530\r" CmdOffHTTP="" CmdOffPost="" Analog="false" Repeat="0" RepeatRate="0"/>
	<VirtualOutCmd Title="MAC06 Volume plus 30 Prozent" Comment="" CmdOnMethod="GET" CmdOffMethod="GET" CmdOn="00:00:00:00:00:06 mixer volume +30\r" CmdOnHTTP="" CmdOnPost="" CmdOff="" CmdOffHTTP="" CmdOffPost="" Analog="false" Repeat="0" RepeatRate="0"/>
	<VirtualOutCmd Title="MAC06 Volume minus 30 Prozent" Comment="" CmdOnMethod="GET" CmdOffMethod="GET" CmdOn="00:00:00:00:00:06 mixer volume -30\r" CmdOnHTTP="" CmdOnPost="" CmdOff="" CmdOffHTTP="" CmdOffPost="" Analog="false" Repeat="0" RepeatRate="0"/>
	<VirtualOutCmd Title="MAC06 Ansage/Play Radio OÖ" Comment="" CmdOnMethod="GET" CmdOffMethod="GET" CmdOn="00:00:00:00:00:06 playlist play /media/Soundfiles/Ansagen/RadioOOE.mp3\r" CmdOnHTTP="" CmdOnPost="" CmdOff="00:00:00:00:00:06 playlist add  http://opml.radiotime.com/Tune.ashx?id=s16660&amp;formats=aac,ogg,mp3&amp;partnerId=16&amp;serial=91f32276a9fba16d226ac025845bfb17\r" CmdOffHTTP="" CmdOffPost="" Analog="false" Repeat="0" RepeatRate="0"/>
	<VirtualOutCmd Title="MAC06 Ansage/Play LoungeFM" Comment="" CmdOnMethod="GET" CmdOffMethod="GET" CmdOn="00:00:00:00:00:06 playlist play /media/Soundfiles/Ansagen/LoungeFM.mp3\r" CmdOnHTTP="" CmdOnPost="" CmdOff="00:00:00:00:00:06 playlist add http://opml.radiotime.com/Tune.ashx?id=s68932&amp;formats=aac,ogg,mp3&amp;partnerId=16&amp;serial=feda8a0f8cbb688b78d7e0d60864c902\r" CmdOffHTTP="" CmdOffPost="" Analog="false" Repeat="0" RepeatRate="0"/>
	<VirtualOutCmd Title="MAC06 Ansage/Play Favorit1" Comment="" CmdOnMethod="GET" CmdOffMethod="GET" CmdOn="00:00:00:00:00:06 playlist play /media/Soundfiles/Ansagen/Sender1.mp3\r" CmdOnHTTP="" CmdOnPost="" CmdOff="00:00:00:00:00:06 favorites playlist add item_id:1\r" CmdOffHTTP="" CmdOffPost="" Analog="false" Repeat="0" RepeatRate="0"/>
	<VirtualOutCmd Title="MAC06 Ansage/Play Favorit2" Comment="" CmdOnMethod="GET" CmdOffMethod="GET" CmdOn="00:00:00:00:00:06 playlist play /media/Soundfiles/Ansagen/Sender2.mp3\r" CmdOnHTTP="" CmdOnPost="" CmdOff="00:00:00:00:00:06 favorites playlist add item_id:2\r" CmdOffHTTP="" CmdOffPost="" Analog="false" Repeat="0" RepeatRate="0"/>
	
	<VirtualOutCmd Title="MAC07 Play" Comment="" CmdOnMethod="GET" CmdOffMethod="GET" CmdOn="00:00:00:00:00:07 play\r" CmdOnHTTP="" CmdOnPost="" CmdOff="" CmdOffHTTP="" CmdOffPost="" Analog="false" Repeat="0" RepeatRate="0"/>
	<VirtualOutCmd Title="MAC07 Ausschalten" Comment="" CmdOnMethod="GET" CmdOffMethod="GET" CmdOn="00:00:00:00:00:07 power 0\r" CmdOnHTTP="" CmdOnPost="" CmdOff="" CmdOffHTTP="" CmdOffPost="" Analog="false" Repeat="0" RepeatRate="0"/>
	<VirtualOutCmd Title="MAC07 Volume plus 3 Prozent" Comment="" CmdOnMethod="GET" CmdOffMethod="GET" CmdOn="00:00:00:00:00:07 mixer volume +3\r" CmdOnHTTP="" CmdOnPost="" CmdOff="" CmdOffHTTP="" CmdOffPost="" Analog="false" Repeat="0" RepeatRate="0"/>
	<VirtualOutCmd Title="MAC07 Volume minus 3 Prozent" Comment="" CmdOnMethod="GET" CmdOffMethod="GET" CmdOn="00:00:00:00:00:07 mixer volume -3\r" CmdOnHTTP="" CmdOnPost="" CmdOff="" CmdOffHTTP="" CmdOffPost="" Analog="false" Repeat="0" RepeatRate="0"/>
	<VirtualOutCmd Title="MAC07 Ansage/Play FM4" Comment="" CmdOnMethod="GET" CmdOffMethod="GET" CmdOn="00:00:00:00:00:07 playlist play /media/Soundfiles/Ansagen/FM4.mp3\r" CmdOnHTTP="" CmdOnPost="" CmdOff="00:00:00:00:00:07 playlist add  http://opml.radiotime.com/Tune.ashx?id=s15596&amp;formats=aac,ogg,mp3&amp;partnerId=16&amp;serial=5462afb091ee58c0bc639aee42211930\r" CmdOffHTTP="" CmdOffPost="" Analog="false" Repeat="0" RepeatRate="0"/>
	<VirtualOutCmd Title="MAC07 Ansage/Play Ö3" Comment="" CmdOnMethod="GET" CmdOffMethod="GET" CmdOn="00:00:00:00:00:07 playlist play /media/Soundfiles/Ansagen/OE3.mp3\r" CmdOnHTTP="" CmdOnPost="" CmdOff="00:00:00:00:00:07 playlist add http://opml.radiotime.com/Tune.ashx?id=s15580&amp;formats=aac,ogg,mp3&amp;partnerId=16&amp;serial=5462afb091ee58c0bc639aee42211930\r" CmdOffHTTP="" CmdOffPost="" Analog="false" Repeat="0" RepeatRate="0"/>
	<VirtualOutCmd Title="MAC07 Ansage/Play KroneHit" Comment="" CmdOnMethod="GET" CmdOffMethod="GET" CmdOn="00:00:00:00:00:07 playlist play /media/Soundfiles/Ansagen/KroneHit.mp3\r" CmdOnHTTP="" CmdOnPost="" CmdOff="00:00:00:00:00:07 playlist add http://onair.krone.at/kronehit.mp3\r" CmdOffHTTP="" CmdOffPost="" Analog="false" Repeat="0" RepeatRate="0"/>
	<VirtualOutCmd Title="MAC07 Ansage/Play LifeRadio" Comment="" CmdOnMethod="GET" CmdOffMethod="GET" CmdOn="00:00:00:00:00:07 playlist play /media/Soundfiles/Ansagen/LifeRadio.mp3\r" CmdOnHTTP="" CmdOnPost="" CmdOff="00:00:00:00:00:07 playlist add http://opml.radiotime.com/Tune.ashx?id=s15592&amp;formats=aac,ogg,mp3&amp;partnerId=16&amp;serial=25b150044ee7378d9f139f40d700c530\r" CmdOffHTTP="" CmdOffPost="" Analog="false" Repeat="0" RepeatRate="0"/>
	<VirtualOutCmd Title="MAC07 Volume plus 30 Prozent" Comment="" CmdOnMethod="GET" CmdOffMethod="GET" CmdOn="00:00:00:00:00:07 mixer volume +30\r" CmdOnHTTP="" CmdOnPost="" CmdOff="" CmdOffHTTP="" CmdOffPost="" Analog="false" Repeat="0" RepeatRate="0"/>
	<VirtualOutCmd Title="MAC07 Volume minus 30 Prozent" Comment="" CmdOnMethod="GET" CmdOffMethod="GET" CmdOn="00:00:00:00:00:07 mixer volume -30\r" CmdOnHTTP="" CmdOnPost="" CmdOff="" CmdOffHTTP="" CmdOffPost="" Analog="false" Repeat="0" RepeatRate="0"/>
	<VirtualOutCmd Title="MAC07 Ansage/Play Radio OÖ" Comment="" CmdOnMethod="GET" CmdOffMethod="GET" CmdOn="00:00:00:00:00:07 playlist play /media/Soundfiles/Ansagen/RadioOOE.mp3\r" CmdOnHTTP="" CmdOnPost="" CmdOff="00:00:00:00:00:07 playlist add  http://opml.radiotime.com/Tune.ashx?id=s16660&amp;formats=aac,ogg,mp3&amp;partnerId=16&amp;serial=91f32276a9fba16d226ac025845bfb17\r" CmdOffHTTP="" CmdOffPost="" Analog="false" Repeat="0" RepeatRate="0"/>
	<VirtualOutCmd Title="MAC07 Ansage/Play LoungeFM" Comment="" CmdOnMethod="GET" CmdOffMethod="GET" CmdOn="00:00:00:00:00:07 playlist play /media/Soundfiles/Ansagen/LoungeFM.mp3\r" CmdOnHTTP="" CmdOnPost="" CmdOff="00:00:00:00:00:07 playlist add http://opml.radiotime.com/Tune.ashx?id=s68932&amp;formats=aac,ogg,mp3&amp;partnerId=16&amp;serial=feda8a0f8cbb688b78d7e0d60864c902\r" CmdOffHTTP="" CmdOffPost="" Analog="false" Repeat="0" RepeatRate="0"/>
	<VirtualOutCmd Title="MAC07 Ansage/Play Favorit1" Comment="" CmdOnMethod="GET" CmdOffMethod="GET" CmdOn="00:00:00:00:00:07 playlist play /media/Soundfiles/Ansagen/Sender1.mp3\r" CmdOnHTTP="" CmdOnPost="" CmdOff="00:00:00:00:00:07 favorites playlist add item_id:1\r" CmdOffHTTP="" CmdOffPost="" Analog="false" Repeat="0" RepeatRate="0"/>
	<VirtualOutCmd Title="MAC07 Ansage/Play Favorit2" Comment="" CmdOnMethod="GET" CmdOffMethod="GET" CmdOn="00:00:00:00:00:07 playlist play /media/Soundfiles/Ansagen/Sender2.mp3\r" CmdOnHTTP="" CmdOnPost="" CmdOff="00:00:00:00:00:07 favorites playlist add item_id:2\r" CmdOffHTTP="" CmdOffPost="" Analog="false" Repeat="0" RepeatRate="0"/>
	
	<VirtualOutCmd Title="MAC08 Play" Comment="" CmdOnMethod="GET" CmdOffMethod="GET" CmdOn="00:00:00:00:00:08 play\r" CmdOnHTTP="" CmdOnPost="" CmdOff="" CmdOffHTTP="" CmdOffPost="" Analog="false" Repeat="0" RepeatRate="0"/>
	<VirtualOutCmd Title="MAC08 Ausschalten" Comment="" CmdOnMethod="GET" CmdOffMethod="GET" CmdOn="00:00:00:00:00:08 power 0\r" CmdOnHTTP="" CmdOnPost="" CmdOff="" CmdOffHTTP="" CmdOffPost="" Analog="false" Repeat="0" RepeatRate="0"/>
	<VirtualOutCmd Title="MAC08 Volume plus 3 Prozent" Comment="" CmdOnMethod="GET" CmdOffMethod="GET" CmdOn="00:00:00:00:00:08 mixer volume +3\r" CmdOnHTTP="" CmdOnPost="" CmdOff="" CmdOffHTTP="" CmdOffPost="" Analog="false" Repeat="0" RepeatRate="0"/>
	<VirtualOutCmd Title="MAC08 Volume minus 3 Prozent" Comment="" CmdOnMethod="GET" CmdOffMethod="GET" CmdOn="00:00:00:00:00:08 mixer volume -3\r" CmdOnHTTP="" CmdOnPost="" CmdOff="" CmdOffHTTP="" CmdOffPost="" Analog="false" Repeat="0" RepeatRate="0"/>
	<VirtualOutCmd Title="MAC08 Ansage/Play FM4" Comment="" CmdOnMethod="GET" CmdOffMethod="GET" CmdOn="00:00:00:00:00:08 playlist play /media/Soundfiles/Ansagen/FM4.mp3\r" CmdOnHTTP="" CmdOnPost="" CmdOff="00:00:00:00:00:08 playlist add  http://opml.radiotime.com/Tune.ashx?id=s15596&amp;formats=aac,ogg,mp3&amp;partnerId=16&amp;serial=5462afb091ee58c0bc639aee42211930\r" CmdOffHTTP="" CmdOffPost="" Analog="false" Repeat="0" RepeatRate="0"/>
	<VirtualOutCmd Title="MAC08 Ansage/Play Ö3" Comment="" CmdOnMethod="GET" CmdOffMethod="GET" CmdOn="00:00:00:00:00:08 playlist play /media/Soundfiles/Ansagen/OE3.mp3\r" CmdOnHTTP="" CmdOnPost="" CmdOff="00:00:00:00:00:08 playlist add http://opml.radiotime.com/Tune.ashx?id=s15580&amp;formats=aac,ogg,mp3&amp;partnerId=16&amp;serial=5462afb091ee58c0bc639aee42211930\r" CmdOffHTTP="" CmdOffPost="" Analog="false" Repeat="0" RepeatRate="0"/>
	<VirtualOutCmd Title="MAC08 Ansage/Play KroneHit" Comment="" CmdOnMethod="GET" CmdOffMethod="GET" CmdOn="00:00:00:00:00:08 playlist play /media/Soundfiles/Ansagen/KroneHit.mp3\r" CmdOnHTTP="" CmdOnPost="" CmdOff="00:00:00:00:00:08 playlist add http://onair.krone.at/kronehit.mp3\r" CmdOffHTTP="" CmdOffPost="" Analog="false" Repeat="0" RepeatRate="0"/>
	<VirtualOutCmd Title="MAC08 Ansage/Play LifeRadio" Comment="" CmdOnMethod="GET" CmdOffMethod="GET" CmdOn="00:00:00:00:00:08 playlist play /media/Soundfiles/Ansagen/LifeRadio.mp3\r" CmdOnHTTP="" CmdOnPost="" CmdOff="00:00:00:00:00:08 playlist add http://opml.radiotime.com/Tune.ashx?id=s15592&amp;formats=aac,ogg,mp3&amp;partnerId=16&amp;serial=25b150044ee7378d9f139f40d700c530\r" CmdOffHTTP="" CmdOffPost="" Analog="false" Repeat="0" RepeatRate="0"/>
	<VirtualOutCmd Title="MAC08 Volume plus 30 Prozent" Comment="" CmdOnMethod="GET" CmdOffMethod="GET" CmdOn="00:00:00:00:00:08 mixer volume +30\r" CmdOnHTTP="" CmdOnPost="" CmdOff="" CmdOffHTTP="" CmdOffPost="" Analog="false" Repeat="0" RepeatRate="0"/>
	<VirtualOutCmd Title="MAC08 Volume minus 30 Prozent" Comment="" CmdOnMethod="GET" CmdOffMethod="GET" CmdOn="00:00:00:00:00:08 mixer volume -30\r" CmdOnHTTP="" CmdOnPost="" CmdOff="" CmdOffHTTP="" CmdOffPost="" Analog="false" Repeat="0" RepeatRate="0"/>
	<VirtualOutCmd Title="MAC08 Ansage/Play Radio OÖ" Comment="" CmdOnMethod="GET" CmdOffMethod="GET" CmdOn="00:00:00:00:00:08 playlist play /media/Soundfiles/Ansagen/RadioOOE.mp3\r" CmdOnHTTP="" CmdOnPost="" CmdOff="00:00:00:00:00:08 playlist add  http://opml.radiotime.com/Tune.ashx?id=s16660&amp;formats=aac,ogg,mp3&amp;partnerId=16&amp;serial=91f32276a9fba16d226ac025845bfb17\r" CmdOffHTTP="" CmdOffPost="" Analog="false" Repeat="0" RepeatRate="0"/>
	<VirtualOutCmd Title="MAC08 Ansage/Play LoungeFM" Comment="" CmdOnMethod="GET" CmdOffMethod="GET" CmdOn="00:00:00:00:00:08 playlist play /media/Soundfiles/Ansagen/LoungeFM.mp3\r" CmdOnHTTP="" CmdOnPost="" CmdOff="00:00:00:00:00:08 playlist add http://opml.radiotime.com/Tune.ashx?id=s68932&amp;formats=aac,ogg,mp3&amp;partnerId=16&amp;serial=feda8a0f8cbb688b78d7e0d60864c902\r" CmdOffHTTP="" CmdOffPost="" Analog="false" Repeat="0" RepeatRate="0"/>
	<VirtualOutCmd Title="MAC08 Ansage/Play Favorit1" Comment="" CmdOnMethod="GET" CmdOffMethod="GET" CmdOn="00:00:00:00:00:08 playlist play /media/Soundfiles/Ansagen/Sender1.mp3\r" CmdOnHTTP="" CmdOnPost="" CmdOff="00:00:00:00:00:08 favorites playlist add item_id:1\r" CmdOffHTTP="" CmdOffPost="" Analog="false" Repeat="0" RepeatRate="0"/>
	<VirtualOutCmd Title="MAC08 Ansage/Play Favorit2" Comment="" CmdOnMethod="GET" CmdOffMethod="GET" CmdOn="00:00:00:00:00:08 playlist play /media/Soundfiles/Ansagen/Sender2.mp3\r" CmdOnHTTP="" CmdOnPost="" CmdOff="00:00:00:00:00:08 favorites playlist add item_id:2\r" CmdOffHTTP="" CmdOffPost="" Analog="false" Repeat="0" RepeatRate="0"/>
	
	<VirtualOutCmd Title="MAC09 Play" Comment="" CmdOnMethod="GET" CmdOffMethod="GET" CmdOn="00:00:00:00:00:09 play\r" CmdOnHTTP="" CmdOnPost="" CmdOff="" CmdOffHTTP="" CmdOffPost="" Analog="false" Repeat="0" RepeatRate="0"/>
	<VirtualOutCmd Title="MAC09 Ausschalten" Comment="" CmdOnMethod="GET" CmdOffMethod="GET" CmdOn="00:00:00:00:00:09 power 0\r" CmdOnHTTP="" CmdOnPost="" CmdOff="" CmdOffHTTP="" CmdOffPost="" Analog="false" Repeat="0" RepeatRate="0"/>
	<VirtualOutCmd Title="MAC09 Volume plus 3 Prozent" Comment="" CmdOnMethod="GET" CmdOffMethod="GET" CmdOn="00:00:00:00:00:09 mixer volume +3\r" CmdOnHTTP="" CmdOnPost="" CmdOff="" CmdOffHTTP="" CmdOffPost="" Analog="false" Repeat="0" RepeatRate="0"/>
	<VirtualOutCmd Title="MAC09 Volume minus 3 Prozent" Comment="" CmdOnMethod="GET" CmdOffMethod="GET" CmdOn="00:00:00:00:00:09 mixer volume -3\r" CmdOnHTTP="" CmdOnPost="" CmdOff="" CmdOffHTTP="" CmdOffPost="" Analog="false" Repeat="0" RepeatRate="0"/>
	<VirtualOutCmd Title="MAC09 Ansage/Play FM4" Comment="" CmdOnMethod="GET" CmdOffMethod="GET" CmdOn="00:00:00:00:00:09 playlist play /media/Soundfiles/Ansagen/FM4.mp3\r" CmdOnHTTP="" CmdOnPost="" CmdOff="00:00:00:00:00:09 playlist add  http://opml.radiotime.com/Tune.ashx?id=s15596&amp;formats=aac,ogg,mp3&amp;partnerId=16&amp;serial=5462afb091ee58c0bc639aee42211930\r" CmdOffHTTP="" CmdOffPost="" Analog="false" Repeat="0" RepeatRate="0"/>
	<VirtualOutCmd Title="MAC09 Ansage/Play Ö3" Comment="" CmdOnMethod="GET" CmdOffMethod="GET" CmdOn="00:00:00:00:00:09 playlist play /media/Soundfiles/Ansagen/OE3.mp3\r" CmdOnHTTP="" CmdOnPost="" CmdOff="00:00:00:00:00:09 playlist add http://opml.radiotime.com/Tune.ashx?id=s15580&amp;formats=aac,ogg,mp3&amp;partnerId=16&amp;serial=5462afb091ee58c0bc639aee42211930\r" CmdOffHTTP="" CmdOffPost="" Analog="false" Repeat="0" RepeatRate="0"/>
	<VirtualOutCmd Title="MAC09 Ansage/Play KroneHit" Comment="" CmdOnMethod="GET" CmdOffMethod="GET" CmdOn="00:00:00:00:00:09 playlist play /media/Soundfiles/Ansagen/KroneHit.mp3\r" CmdOnHTTP="" CmdOnPost="" CmdOff="00:00:00:00:00:09 playlist add http://onair.krone.at/kronehit.mp3\r" CmdOffHTTP="" CmdOffPost="" Analog="false" Repeat="0" RepeatRate="0"/>
	<VirtualOutCmd Title="MAC09 Ansage/Play LifeRadio" Comment="" CmdOnMethod="GET" CmdOffMethod="GET" CmdOn="00:00:00:00:00:09 playlist play /media/Soundfiles/Ansagen/LifeRadio.mp3\r" CmdOnHTTP="" CmdOnPost="" CmdOff="00:00:00:00:00:09 playlist add http://opml.radiotime.com/Tune.ashx?id=s15592&amp;formats=aac,ogg,mp3&amp;partnerId=16&amp;serial=25b150044ee7378d9f139f40d700c530\r" CmdOffHTTP="" CmdOffPost="" Analog="false" Repeat="0" RepeatRate="0"/>
	<VirtualOutCmd Title="MAC09 Volume plus 30 Prozent" Comment="" CmdOnMethod="GET" CmdOffMethod="GET" CmdOn="00:00:00:00:00:09 mixer volume +30\r" CmdOnHTTP="" CmdOnPost="" CmdOff="" CmdOffHTTP="" CmdOffPost="" Analog="false" Repeat="0" RepeatRate="0"/>
	<VirtualOutCmd Title="MAC09 Volume minus 30 Prozent" Comment="" CmdOnMethod="GET" CmdOffMethod="GET" CmdOn="00:00:00:00:00:09 mixer volume -30\r" CmdOnHTTP="" CmdOnPost="" CmdOff="" CmdOffHTTP="" CmdOffPost="" Analog="false" Repeat="0" RepeatRate="0"/>
	<VirtualOutCmd Title="MAC09 Ansage/Play Radio OÖ" Comment="" CmdOnMethod="GET" CmdOffMethod="GET" CmdOn="00:00:00:00:00:09 playlist play /media/Soundfiles/Ansagen/RadioOOE.mp3\r" CmdOnHTTP="" CmdOnPost="" CmdOff="00:00:00:00:00:09 playlist add  http://opml.radiotime.com/Tune.ashx?id=s16660&amp;formats=aac,ogg,mp3&amp;partnerId=16&amp;serial=91f32276a9fba16d226ac025845bfb17\r" CmdOffHTTP="" CmdOffPost="" Analog="false" Repeat="0" RepeatRate="0"/>
	<VirtualOutCmd Title="MAC09 Ansage/Play LoungeFM" Comment="" CmdOnMethod="GET" CmdOffMethod="GET" CmdOn="00:00:00:00:00:09 playlist play /media/Soundfiles/Ansagen/LoungeFM.mp3\r" CmdOnHTTP="" CmdOnPost="" CmdOff="00:00:00:00:00:09 playlist add http://opml.radiotime.com/Tune.ashx?id=s68932&amp;formats=aac,ogg,mp3&amp;partnerId=16&amp;serial=feda8a0f8cbb688b78d7e0d60864c902\r" CmdOffHTTP="" CmdOffPost="" Analog="false" Repeat="0" RepeatRate="0"/>
	<VirtualOutCmd Title="MAC09 Ansage/Play Favorit1" Comment="" CmdOnMethod="GET" CmdOffMethod="GET" CmdOn="00:00:00:00:00:09 playlist play /media/Soundfiles/Ansagen/Sender1.mp3\r" CmdOnHTTP="" CmdOnPost="" CmdOff="00:00:00:00:00:09 favorites playlist add item_id:1\r" CmdOffHTTP="" CmdOffPost="" Analog="false" Repeat="0" RepeatRate="0"/>
	<VirtualOutCmd Title="MAC09 Ansage/Play Favorit2" Comment="" CmdOnMethod="GET" CmdOffMethod="GET" CmdOn="00:00:00:00:00:09 playlist play /media/Soundfiles/Ansagen/Sender2.mp3\r" CmdOnHTTP="" CmdOnPost="" CmdOff="00:00:00:00:00:09 favorites playlist add item_id:2\r" CmdOffHTTP="" CmdOffPost="" Analog="false" Repeat="0" RepeatRate="0"/>
	
		
	<VirtualOutCmd Title="MAC10 Play" Comment="" CmdOnMethod="GET" CmdOffMethod="GET" CmdOn="00:00:00:00:00:10 play\r" CmdOnHTTP="" CmdOnPost="" CmdOff="" CmdOffHTTP="" CmdOffPost="" Analog="false" Repeat="0" RepeatRate="0"/>
	<VirtualOutCmd Title="MAC10 Ausschalten" Comment="" CmdOnMethod="GET" CmdOffMethod="GET" CmdOn="00:00:00:00:00:10 power 0\r" CmdOnHTTP="" CmdOnPost="" CmdOff="" CmdOffHTTP="" CmdOffPost="" Analog="false" Repeat="0" RepeatRate="0"/>
	<VirtualOutCmd Title="MAC10 Volume plus 3 Prozent" Comment="" CmdOnMethod="GET" CmdOffMethod="GET" CmdOn="00:00:00:00:00:10 mixer volume +3\r" CmdOnHTTP="" CmdOnPost="" CmdOff="" CmdOffHTTP="" CmdOffPost="" Analog="false" Repeat="0" RepeatRate="0"/>
	<VirtualOutCmd Title="MAC10 Volume minus 3 Prozent" Comment="" CmdOnMethod="GET" CmdOffMethod="GET" CmdOn="00:00:00:00:00:10 mixer volume -3\r" CmdOnHTTP="" CmdOnPost="" CmdOff="" CmdOffHTTP="" CmdOffPost="" Analog="false" Repeat="0" RepeatRate="0"/>
	<VirtualOutCmd Title="MAC10 Ansage/Play FM4" Comment="" CmdOnMethod="GET" CmdOffMethod="GET" CmdOn="00:00:00:00:00:10 playlist play /media/Soundfiles/Ansagen/FM4.mp3\r" CmdOnHTTP="" CmdOnPost="" CmdOff="00:00:00:00:00:10 playlist add  http://opml.radiotime.com/Tune.ashx?id=s15596&amp;formats=aac,ogg,mp3&amp;partnerId=16&amp;serial=5462afb091ee58c0bc639aee42211930\r" CmdOffHTTP="" CmdOffPost="" Analog="false" Repeat="0" RepeatRate="0"/>
	<VirtualOutCmd Title="MAC10 Ansage/Play Ö3" Comment="" CmdOnMethod="GET" CmdOffMethod="GET" CmdOn="00:00:00:00:00:10 playlist play /media/Soundfiles/Ansagen/OE3.mp3\r" CmdOnHTTP="" CmdOnPost="" CmdOff="00:00:00:00:00:10 playlist add http://opml.radiotime.com/Tune.ashx?id=s15580&amp;formats=aac,ogg,mp3&amp;partnerId=16&amp;serial=5462afb091ee58c0bc639aee42211930\r" CmdOffHTTP="" CmdOffPost="" Analog="false" Repeat="0" RepeatRate="0"/>
	<VirtualOutCmd Title="MAC10 Ansage/Play KroneHit" Comment="" CmdOnMethod="GET" CmdOffMethod="GET" CmdOn="00:00:00:00:00:10 playlist play /media/Soundfiles/Ansagen/KroneHit.mp3\r" CmdOnHTTP="" CmdOnPost="" CmdOff="00:00:00:00:00:10 playlist add http://onair.krone.at/kronehit.mp3\r" CmdOffHTTP="" CmdOffPost="" Analog="false" Repeat="0" RepeatRate="0"/>
	<VirtualOutCmd Title="MAC10 Ansage/Play LifeRadio" Comment="" CmdOnMethod="GET" CmdOffMethod="GET" CmdOn="00:00:00:00:00:10 playlist play /media/Soundfiles/Ansagen/LifeRadio.mp3\r" CmdOnHTTP="" CmdOnPost="" CmdOff="00:00:00:00:00:10 playlist add http://opml.radiotime.com/Tune.ashx?id=s15592&amp;formats=aac,ogg,mp3&amp;partnerId=16&amp;serial=25b150044ee7378d9f139f40d700c530\r" CmdOffHTTP="" CmdOffPost="" Analog="false" Repeat="0" RepeatRate="0"/>
	<VirtualOutCmd Title="MAC10 Volume plus 30 Prozent" Comment="" CmdOnMethod="GET" CmdOffMethod="GET" CmdOn="00:00:00:00:00:10 mixer volume +30\r" CmdOnHTTP="" CmdOnPost="" CmdOff="" CmdOffHTTP="" CmdOffPost="" Analog="false" Repeat="0" RepeatRate="0"/>
	<VirtualOutCmd Title="MAC10 Volume minus 30 Prozent" Comment="" CmdOnMethod="GET" CmdOffMethod="GET" CmdOn="00:00:00:00:00:10 mixer volume -30\r" CmdOnHTTP="" CmdOnPost="" CmdOff="" CmdOffHTTP="" CmdOffPost="" Analog="false" Repeat="0" RepeatRate="0"/>
	<VirtualOutCmd Title="MAC10 Ansage/Play Radio OÖ" Comment="" CmdOnMethod="GET" CmdOffMethod="GET" CmdOn="00:00:00:00:00:10 playlist play /media/Soundfiles/Ansagen/RadioOOE.mp3\r" CmdOnHTTP="" CmdOnPost="" CmdOff="00:00:00:00:00:10 playlist add  http://opml.radiotime.com/Tune.ashx?id=s16660&amp;formats=aac,ogg,mp3&amp;partnerId=16&amp;serial=91f32276a9fba16d226ac025845bfb17\r" CmdOffHTTP="" CmdOffPost="" Analog="false" Repeat="0" RepeatRate="0"/>
	<VirtualOutCmd Title="MAC10 Ansage/Play LoungeFM" Comment="" CmdOnMethod="GET" CmdOffMethod="GET" CmdOn="00:00:00:00:00:10 playlist play /media/Soundfiles/Ansagen/LoungeFM.mp3\r" CmdOnHTTP="" CmdOnPost="" CmdOff="00:00:00:00:00:10 playlist add http://opml.radiotime.com/Tune.ashx?id=s68932&amp;formats=aac,ogg,mp3&amp;partnerId=16&amp;serial=feda8a0f8cbb688b78d7e0d60864c902\r" CmdOffHTTP="" CmdOffPost="" Analog="false" Repeat="0" RepeatRate="0"/>
	<VirtualOutCmd Title="MAC10 Ansage/Play Favorit1" Comment="" CmdOnMethod="GET" CmdOffMethod="GET" CmdOn="00:00:00:00:00:10 playlist play /media/Soundfiles/Ansagen/Sender1.mp3\r" CmdOnHTTP="" CmdOnPost="" CmdOff="00:00:00:00:00:10 favorites playlist add item_id:1\r" CmdOffHTTP="" CmdOffPost="" Analog="false" Repeat="0" RepeatRate="0"/>
	<VirtualOutCmd Title="MAC10 Ansage/Play Favorit2" Comment="" CmdOnMethod="GET" CmdOffMethod="GET" CmdOn="00:00:00:00:00:10 playlist play /media/Soundfiles/Ansagen/Sender2.mp3\r" CmdOnHTTP="" CmdOnPost="" CmdOff="00:00:00:00:00:10 favorites playlist add item_id:2\r" CmdOffHTTP="" CmdOffPost="" Analog="false" Repeat="0" RepeatRate="0"/>
	
	
	
	<VirtualOutCmd Title="MAC05 Play" Comment="" CmdOnMethod="GET" CmdOffMethod="GET" CmdOn="00:00:00:00:00:05 play\r" CmdOnHTTP="" CmdOnPost="" CmdOff="" CmdOffHTTP="" CmdOffPost="" Analog="false" Repeat="0" RepeatRate="0"/>
	<VirtualOutCmd Title="MAC05 Ausschalten" Comment="" CmdOnMethod="GET" CmdOffMethod="GET" CmdOn="00:00:00:00:00:05 power 0\r" CmdOnHTTP="" CmdOnPost="" CmdOff="" CmdOffHTTP="" CmdOffPost="" Analog="false" Repeat="0" RepeatRate="0"/>
	<VirtualOutCmd Title="MAC05 Volume plus 3 Prozent" Comment="" CmdOnMethod="GET" CmdOffMethod="GET" CmdOn="00:00:00:00:00:05 mixer volume +3\r" CmdOnHTTP="" CmdOnPost="" CmdOff="" CmdOffHTTP="" CmdOffPost="" Analog="false" Repeat="0" RepeatRate="0"/>
	<VirtualOutCmd Title="MAC05 Volume minus 3 Prozent" Comment="" CmdOnMethod="GET" CmdOffMethod="GET" CmdOn="00:00:00:00:00:05 mixer volume -3\r" CmdOnHTTP="" CmdOnPost="" CmdOff="" CmdOffHTTP="" CmdOffPost="" Analog="false" Repeat="0" RepeatRate="0"/>
	<VirtualOutCmd Title="MAC05 Ansage/Play FM4" Comment="" CmdOnMethod="GET" CmdOffMethod="GET" CmdOn="00:00:00:00:00:05 playlist play /media/Soundfiles/Ansagen/FM4.mp3\r" CmdOnHTTP="" CmdOnPost="" CmdOff="00:00:00:00:00:05 playlist add  http://opml.radiotime.com/Tune.ashx?id=s15596&amp;formats=aac,ogg,mp3&amp;partnerId=16&amp;serial=5462afb091ee58c0bc639aee42211930\r" CmdOffHTTP="" CmdOffPost="" Analog="false" Repeat="0" RepeatRate="0"/>
	<VirtualOutCmd Title="MAC05 Ansage/Play Ö3" Comment="" CmdOnMethod="GET" CmdOffMethod="GET" CmdOn="00:00:00:00:00:05 playlist play /media/Soundfiles/Ansagen/OE3.mp3\r" CmdOnHTTP="" CmdOnPost="" CmdOff="00:00:00:00:00:05 playlist add http://opml.radiotime.com/Tune.ashx?id=s15580&amp;formats=aac,ogg,mp3&amp;partnerId=16&amp;serial=5462afb091ee58c0bc639aee42211930\r" CmdOffHTTP="" CmdOffPost="" Analog="false" Repeat="0" RepeatRate="0"/>
	<VirtualOutCmd Title="MAC05 Ansage/Play KroneHit" Comment="" CmdOnMethod="GET" CmdOffMethod="GET" CmdOn="00:00:00:00:00:05 playlist play /media/Soundfiles/Ansagen/KroneHit.mp3\r" CmdOnHTTP="" CmdOnPost="" CmdOff="00:00:00:00:00:05 playlist add http://onair.krone.at/kronehit.mp3\r" CmdOffHTTP="" CmdOffPost="" Analog="false" Repeat="0" RepeatRate="0"/>
	<VirtualOutCmd Title="MAC05 Ansage/Play LifeRadio" Comment="" CmdOnMethod="GET" CmdOffMethod="GET" CmdOn="00:00:00:00:00:05 playlist play /media/Soundfiles/Ansagen/LifeRadio.mp3\r" CmdOnHTTP="" CmdOnPost="" CmdOff="00:00:00:00:00:05 playlist add http://opml.radiotime.com/Tune.ashx?id=s15592&amp;formats=aac,ogg,mp3&amp;partnerId=16&amp;serial=25b150044ee7378d9f139f40d700c530\r" CmdOffHTTP="" CmdOffPost="" Analog="false" Repeat="0" RepeatRate="0"/>
	<VirtualOutCmd Title="MAC05 Volume plus 30 Prozent" Comment="" CmdOnMethod="GET" CmdOffMethod="GET" CmdOn="00:00:00:00:00:05 mixer volume +30\r" CmdOnHTTP="" CmdOnPost="" CmdOff="" CmdOffHTTP="" CmdOffPost="" Analog="false" Repeat="0" RepeatRate="0"/>
	<VirtualOutCmd Title="MAC05 Volume minus 30 Prozent" Comment="" CmdOnMethod="GET" CmdOffMethod="GET" CmdOn="00:00:00:00:00:05 mixer volume -30\r" CmdOnHTTP="" CmdOnPost="" CmdOff="" CmdOffHTTP="" CmdOffPost="" Analog="false" Repeat="0" RepeatRate="0"/>
	<VirtualOutCmd Title="MAC05 Ansage/Play Radio OÖ" Comment="" CmdOnMethod="GET" CmdOffMethod="GET" CmdOn="00:00:00:00:00:05 playlist play /media/Soundfiles/Ansagen/RadioOOE.mp3\r" CmdOnHTTP="" CmdOnPost="" CmdOff="00:00:00:00:00:05 playlist add  http://opml.radiotime.com/Tune.ashx?id=s16660&amp;formats=aac,ogg,mp3&amp;partnerId=16&amp;serial=91f32276a9fba16d226ac025845bfb17\r" CmdOffHTTP="" CmdOffPost="" Analog="false" Repeat="0" RepeatRate="0"/>
	<VirtualOutCmd Title="MAC05 Ansage/Play LoungeFM" Comment="" CmdOnMethod="GET" CmdOffMethod="GET" CmdOn="00:00:00:00:00:05 playlist play /media/Soundfiles/Ansagen/LoungeFM.mp3\r" CmdOnHTTP="" CmdOnPost="" CmdOff="00:00:00:00:00:05 playlist add http://opml.radiotime.com/Tune.ashx?id=s68932&amp;formats=aac,ogg,mp3&amp;partnerId=16&amp;serial=feda8a0f8cbb688b78d7e0d60864c902\r" CmdOffHTTP="" CmdOffPost="" Analog="false" Repeat="0" RepeatRate="0"/>
	<VirtualOutCmd Title="MAC05 Ansage/Play Favorit1" Comment="" CmdOnMethod="GET" CmdOffMethod="GET" CmdOn="00:00:00:00:00:05 playlist play /media/Soundfiles/Ansagen/Sender1.mp3\r" CmdOnHTTP="" CmdOnPost="" CmdOff="00:00:00:00:00:05 favorites playlist add item_id:1\r" CmdOffHTTP="" CmdOffPost="" Analog="false" Repeat="0" RepeatRate="0"/>
	<VirtualOutCmd Title="MAC05 Ansage/Play Favorit2" Comment="" CmdOnMethod="GET" CmdOffMethod="GET" CmdOn="00:00:00:00:00:05 playlist play /media/Soundfiles/Ansagen/Sender2.mp3\r" CmdOnHTTP="" CmdOnPost="" CmdOff="00:00:00:00:00:05 favorites playlist add item_id:2\r" CmdOffHTTP="" CmdOffPost="" Analog="false" Repeat="0" RepeatRate="0"/>
</VirtualOut>
